date	滨河路	正北街	东山大道一段	双兴路	正北中街	黄龙大道三段	老成仁路	蒲草塘路	新民街	正西街	中彭路	富阳一街	广都中街	顺河街	府河路一段	顺河一街	新码头南街	广都中路	南海路	长江西一街	庐山大道	天府大道	华新上街	新码头街	龙灯山路	长江西二街	新码头东街	长江东一街	兰沟路	利民三街	湾河西街	正大街	协和上街	安公路	华彭路	府河路三段	腾飞十二路	利民二街	广都上街	二江路	湾河街	龙灯山路一段	中兴上街	广东街	长江街	锦江路	张家巷	正东上街	长江西五横街	丽都街	广东路	簸箕街	通济桥下街	黄龙大道二段	东山大道	华阳大道	华新中街	致富路	牧华路	南湖路	双华路	g213	长江东一横街	华文巷	正东下街	虎高路	长江东二横街	腾飞十路	华府大道	海昌北路	黄龙大道	南通路	回龙路	天府大道南段	向阳街	正北上街	长江东二街	锦江路三段	政府街	富民路	水津街	长江西四横街	龙马大道	麓山大道	藕塘新街	新码头北街	腾飞十一路	利民一街	丁字街	锦江路二段	长江西三横街	石灰市街	富民二街	富民路四段	腾飞八路	长江西二横街	正兴路	通济桥街	正东中街	中兴下街	府河路	府河路二段	劝学路	元华路	通济巷	二江路一段	华板路	黄龙大道一段	安公路一段	湾河东街	云龙路	正东街	藕塘街
1525104000									1																																	2																	1															1	1																											1			2					2					2															2											1							1							3																	1															2																								
1525104300	1			5			3					2									4	3	2							1			2	7					2									1					1			1	1			2	4	3					2					5	2	2					4			2	2	6	12	1	1	4	1	5	10					2							4	2	2					3			3			1			6	1					2	1					1			4																	1			6											3	1										
1525104600					2			3	2	3	8			12	1			9	13	8	1					5					21					5							1	1	1			4			1	2			2	9	4					4					11	6	10			3	17			5	3	3	22	5	1	20	4	15	16					11							4	10							8	1	6	1	4	2	15	6					18	1					1			8															3	9	1	11					2					4					3			2	1
1525104900					3			5			5	8			12	1			12	10	6					2	5					27					5							1	1	2	1	4	2	2	2			2	11	6					2					11	5	5			2	22			9	10	4	37	8			33	3	15	26			3	12							9	12	2			1	6			3			6	2	17	4					27	1					2			6			1	1							1	5	5			12					3					20	1	2	3			1	2
1525105200					6			8	3			13			8					12	12	10			1			6			3	27					6							1	4	6			3			5	1			5	11	13	3	1	8					14	4	6			1	22			6	13	6	35	5	1	40	4	24	31					13	1					7	18	6					15			2			5	5	21	5					17	2	1			4	1	12					1							2	2	7	2	12					9			1	16	2			1	1	2		
1525105500					2			4	2	4	15			7	3			9	6	5			1	1	11			3	33			1	4							3	1	5	1					6	1			1	10	7	4			4	1			11	3	5			1	24			7	11	4	33	4			33	7	21	34					15	2					7	17	4			3	10			5			6	3	20	3					21	3	1			1	1	6													5	2	7			9					9					11	1							3		
1525105800	1			1			12	5	4	10			11	3			13	7	4							8					41					5							1	3	2	1	5			10	4			3	10	9	2			9					9	5	8			3	28			3	8	5	43	3	3	28	2	17	36					18	2					7	13	2					16			6			4	1	20	4	1			25	5					3	1	4					1							3	3	6	2	14	1			6			1	9							1	1		
1525106100					4			7	3	3	14			6	1			15	10	8			2	4	12			1	30			1	7							1			2	1	3			4	2					12	6	2			4	1			11	3	9			2	26			7	6	8	25	5	4	29	5	15	34					10							4	16	2					7			4			7			13	5					30	1	2					1	7													2	1	5			10					4					8	1			1	1	2	2
1525106400					2			5	4	1	9			8	3			16	17	9	1	1	5	5					28			1	7							1	1	1	1	4			6	1			2	13	5	2			4	2			9	6	11					19	1	6	7	5	21	6	3	26	2	11	24			1	8	1			1	11	14	3			1	3	2					4	1	14	7					26	4	1			2	3	6			1	1							2	5	9			11			1	1					4					2			2		
1525106700					3			8	1	4	15			5	2			13	10	10			1	1	8			2	21			1	3							2	4									1	2			3	12	8	1			7	3			5	6	9					23					3	6	25	8			26	8	13	27					8	1					3	13	2					6			3			1	2	10	7					19	1	1			2			5					1							1			10	1	14					6					6					1			1		
1525107000	2			2			6	2	3	8			9			1	11	10	11					1	8			2	25					1							3							4	1	4					1	9	4					3	1			12	6	10			1	11			8	7	4	32	4	1	32	6	15	27			1	17	2					10	12	4			1	8			2			5			19	7					23	1	1							6					1							5	1	9	1	13	1			4					14	3	1					2		
1525107300	1			4			6			2	5			11	2			13	11	9			1	4	7			2	28					4			1			1	2	4			5			2	2			2	14	5	2			8	1			12	6	8			1	24	1	9	6	3	40	9	1	28	2	20	32					12	1			1	8	12	2			1	12	1	4			7	3	19	6			1	18			1			3	2	4													4	4	4			13					5					11							1	1		
1525107600					1			5	3			5			6	1			10	8	6			1	1	4					18			1	2							2	1	2	2	2			4	1			1	14	6	2	1	9	1			10	2	5			1	27			4	7	3	33	3	2	24	2	20	21					11							5	11	4			1	7			2			1	2	14	4	1	1	13	4					1	2	5													1	2	7	1	7					8			1	15	1					1	1		
1525107900					1			6	3	2	11	1	5	2			10	7	4					2	7			1	14					3							2			1			3			5	3					3	2					1					10	1	2					25			6	5	2	24	2	1	22	1	8	20					9					1	3	14	2			2	2			2			5	1	7	3					16	3									4													4	2	2			7	1			3					5					2						
1525108200	1					1	6					9			9	1			11	8	6	1	1	7	5					17			1	6									1			1	5									1	16	4					12	1			8	4	6					18			8			2	27	4			19	3	9	16					6					1	2	8							4			2			5			15	3	3			22	2	1					2	5													1	5	4	1	7					7	1			4												
1525108500	2			3			1			4	12			6	1			11	6	4					1	8					25					5									2	2	1	4	1	1	1			2	11	4	2			4	1			9	3	4			1	18			6	2	5	23	6			24	3	11	24			1	13							1	17	1					7			1			3	1	13	3					23	1					2	1	5					1											5	2	10					1			1	7	1	1	1					1
1525108800	1	1	2			6	1	3	9			7	1			11	8	5					4	4					18	1			3											1			5			2	2			1	9	3	2			7	2			8	2	3			1	19	1	5	2	10	23	4	1	18	5	15	18					3	1					4	17							8			2			2			12	5					18	1							2	4													1	3	4			8					7					5									1	1
1525109100			1	3			6	2	1	15			4					11	4	4			2	4	1			1	19			2	4											1							2	3			1	10	4					5	2			5	3	7					23			2	4	3	21	4	1	16	1	8	21					4	1					5	21	2			1	5			2			2	1	12	3					17			2			2	1	4													3			6			6					3					7	2					1	1		
1525109400					2			6	1	1	8			2					7	3	4					1	3			2	23					1											3			1			2	2					5	5					2					6	1	1					16			2	9	3	26	2			14	2	12	19					7	1			1	6	11	3					7			3			2	3	11	2					10	1									3															1	2	1	5					1					10	1					1	2		
1525109700					1			1	2	1	9			4	1			10	5	2					1	2			1	12					3													1	2			3							6	3					2					6	2	1					18			5	7	2	15	2	2	15			7	13					7							9	11	2					6							4	1	10	2	1			10	2							1	1															2	5			2					4			1	6												
1525110000											2	1	7			4	1			15	6	5					7	1					17					3							1			2			1			1	1					9	1	1			1					8	3	3					14			5	2	1	12	2			17	1	10	10					1							5	9							1					2	4	1	5	3					15	1					1			5																	7			5					1					5												
1525110300	1							3			1	4			3	1			12	3	4					2	4					16					8									2	3							2					2	6	3	1									6	1	1			2	12			5	5			12	2			23	2	11	14					6	1					3	5	2					7			2			5	1	8	1	1			19	1					1			4													1			5			4					3					5	1										
1525110600	2							3			1	8			7	2			8	5	4			1	2	1					8	1	1	2									1	1	1	5			3	1					6	5	2			3					8	2	5			1	10			3	1			15	4	1	18	2	12	10					2	1					4	9	1					7			2	1	3			13	3	1			10	1	1			3	1	2					2							2	2	3	1	6					7					5												
1525110900							1	6	1			6			6	1			10	6	2					3	4					15					1							1	2			1	2			4	1			2	11	5					3	1			8	2	6			3	11			6	2			23	2	2	14	2	8	16					8							5	7	2					5	1	7			4	1	18	2	2			10	2					2	1	4													2	2	7	2	5					1					6	1							2		
1525111200	1			3			3	2			8			7	1			8	7	4					2	2			1	12					4							1					1	3			3	1					9	2					4					7	3	3			1	15			4	1	2	14	3	2	20	1	10	11					3	1					2	8							11			3			2			5	2					13	1							1	6													1	2	7			5	1			4					2									1		
1525111500					5			5			1	10			8			1	11	8	5	1			1	5			2	13					3									1	1			3			1	1			1	9	3	1			3					7	3	6			3	17			7	3	6	20	4			12	1	10	16					3							4	9	1					11			6			3			17	4					15	1					1	1	3					1									3	4	1	5					1					5												
1525111800	1			2			5	1			8			10					6	5	2							1					15					2							1							3			1	1			1	6	2	1			5					8	1	5					13	1	7	1	3	23	6			14			7	14					5							3	7							3			6			6			9	1					14	1					2	1	3															3	1	1	3					2	1			4									1		
1525112100	1			4									1			7					7	5	3					2	3					15					2															3			3							6	5	1			2					5	1	6			2	7			5	5	5	13	4	1	15	2	9	22					8							6	4	2					7			1			3	1	11	3	1			12	2									5													2	2	6			3					3			1	8	1					1	3		
1525112400	1			5			5	1	2	7			6					6	4	3			2	1	2			4	17			2	2									2	2			3			2	2			2	3	5	2			2	1			9	1	2			1	18			8	4	7	21	2	1	13	2	7	21					7							1	12	2					10			3			2	1	16			1			9	1					2	2	4													1	1	2			5	1			2	1	1	6	1							1		
1525112700	1			2			4			1	4			8					8	3	2			3	1	3			2	17			4	4									1	1			3									3	2	3					1	5			5	1	3					5			3	1	3	11	6			9	3	5	18					5							3	5							4	1	4			2			5	2					14			2			1	2	2													2	1	3			3					1					4												
1525113000	1							3	1	2	4			6					3	7	5			1	1	4					11			1	1									1	1			2			1	1			2	3	3					2	2			11	2	4			1	7			6	2	1	14	4	1	9	2	4	14					6							4	5					1	3			3			8	1	7	3					5	1	1			3			4													1	2	3			5											4					1			1	1
1525113300	1			1			3			3	6			8					5	6	2			1	2	2			1	11			1	3									1	1	1	5									2	6	2					2	1			4	2	5			2	9			5	3	1	15	7			11	2	6	16					4							2	7	1			1	3	1	4			3	1	5	1			1	13			1			1			1													2	3	5			4					2					4							2	2		
1525113600					3			2			2	2			3					6	4	3					2	4	1	2	15					2					1									1			1							5							1					7	2	4					5			6	3	3	12	1			14	3	9	12					5							6	4	2					5			2			5	1	7	2					12	1									2													2	1	5	1	4					1					8	1			1						
1525113900					1							1	1			3					5	3	2							3			1	11					1																											2	1	1			2					9	2	4			1	4			3	1	3	15					11	1	8	12					7					1	3	2							5			2			6	1	14	1					7											4					1											4			4					1					2												
1525114200					2									4			1	1			5	3	3							2			1	6					3																			1							2			1			2					4									8			3	3	2	8					10			3	9					3									4	1					3							3			2							9	1									2																					3					1					6	1							1		
1525114500					1			7			2	3			3					4	1							2	3					5					2							1			1							2							2	2					1					4			2					7			3	1	3	16	1			9	1	4	6					2							1	3	1			1	3			4			3	1	3							8	1									2													1			1			1					2					3									2		
1525114800					2			1	3	2	7			2					2	3	3							2			1	12													2	1									4					1	6							5					4	1	3			4	9			3	2	3	16			2	11			3	10					3							3	7					1	3			3			2			11	1	1			9	1							1															1			1	1	3					2					2												
1525115100					1			2	2	2	2			2	1			7	4	4					2	5	1			8					2									1	1							3					1	5	3					7			1	3	1	2			1	5					2	4	15	3	1	14	2	1	10					7							3	4	1			1	3			3					2	5	3	1			7	1									3													1	1	2	2	4											3					1			2	1
1525115400					1			3					6			6	1	1	7	3	1					1							8	1			2									2					2									2	5	3					1	1			5	2	2					14			3	2	3	11	2			15			4	8					2							1	5					1	4							4			7	1	1			10							1			1															2	6			2					3			1	5									1		
1525115700									3	1			6			3	1			5	2	2			1	1							7			1	3									2									1					2	5	2					1	1			2									9							2	9	1			13			8	6					1							4	4							5			1							5	1					7							1			1																	3	1	3					4					4												
1525116000					2			2	1	3	8			2	1			5	3	2							3			1	12					2							2	2	1							2					2	2	4					1					4	2	2					13			2	2	3	11	1			11	3	4	11					3							3	12					2	5			2			2	1	10	2					6							1			3													2							3					5					3												
1525116300					1					1	3	3			1	1	1	4	3	2					1	5			1	11					1											1			1			1	1			2	2	6	1									2	1	1					6			1	1	1	5					13	5	5	12					7							2	6							3							1			4	1					10	1					2			1															1	2			5					1					3												
1525116600					1					1	2	6			3					4	3	2					1	4			1	7					1							1	1					2			1	1			1	3	3					1					7	3	1					8			3			1	9					7	2	6	9					4					1	4	6							2							4			9	1					5							2			5					1							1	1	2			5	1			2			1	5												
1525116900					2			2					5			1					1	2	2					2					1	6																					1											2	1					1					3	1					1	10			2	2	2	9	1			7	1	7	7					2					1	5	6							6			2			2			4	1					2											2					1							1			2	1	2					2			1	5									1		
1525117200									1			1	2			1					2	3	3					1					1	6					1															1					1					1													4	2	2					8			2			1	4					12	1	6	6					1							3	4							5			2			3			4	3					2									1	2															1	1			4					2					3												
1525117500					1			3					2									2	2	1			1	1	1					6			1	1																					1					3							2					5	1	1					8			3			1	7	1			8			5	6					2							1	6							4			2			1			2	1					7											1													2			1			1					3					3												
1525117800					2			1					2			2					5	3	2			1	1							7			1	1															1					1					3							1					7	2	2					7			3			2	9	1			7			5	5					1							3	1							6							3			8	2	1			2											5															1	3			3					4					2												
1525118100					1			1			1	3			2					6	3	4					3							3					1									1					1					1			1	5							1					6	3	1					5			1			1	5	2			8			4	5					3							3	3					1	2			1			1			2	2					4											2													2			2			5					2					3												
1525118400					2			2	1			2			3					3	3	2			1									4			1									1	2					1			1	1			2	2	1					2	1			4	3	2			1	3			2	1	2	6	1			4			3	5					3							2	1	1			1	1			2			1			3	2					4			1			1	1	5													1			1			5											2	1										
1525118700					2			5			2	2			5	1			3	3	3							3					2					1									1															2			3											1	1	4					4					1	2	6	2			4	2	6	3					1							1	2							2			4							1	3					2									2	1																	1			4					1					5									1		
1525119000									1			1	3			4	1			10	4	2					3	1	1			7					5	1							2					2									3	4	3							1			8	2	6	1	1	4			3	1			6	3			7	1	5	5					2							1	4	1					1			1			3			6	4					6							1	1	4															1	4			2					1					1	1										
1525119300													2	1			2			1	2	4	2							3					9					2											1			2											3	4					2	1			7	1	3			1	2			4	2	1	6	1			7	1	4	10					5							1	2	1					1							4	1	4	2					4	1					1			2															1	2	1	2					1					2												
1525119600									1									4			1	2	3									2					7					1															4											5	1					3					4			2			2	3			5					11	1			4			3	9					2					1	2									4			2			3			6							3											1			1									1	2	2															1									1		
1525119900					2			4					1			2	1	1	4							1	1					1	6			1											1					1			1					1	2	1					1	1			2			1					4			3	1	2	12	2	1	3			2	6					4	1							1							2			1			1			6			1			3			1			1			1													1	1																	1												
1525120200					2			1	2			2			2			1	4	2	1					1					3	3					1													1	1			1	1					2							1					2			1					3			1	1	1	3	2	1	5			2	2					1							2	2							1			1							2							2											1															1	1	1	1					2					2												
1525120500									2									3	1	1	3	1	1													1					1							2	2			2					2					1			2											3			1					3			1	4			4	2	1	4			4	2													3			3			1	4			2							4	2					1	1							2	3													1							1					1					1	2			1					1
1525120800															2			1					3	1	1													2					1							1	1															1	1													1			1					2			1	2			1			1	2			2	2															1	2			1	2			1			1	2	2							1	1																							1							1											3					1					1
1525121100					1			1					1			2					2									1	1			1	4															1	1													1	1	1											1			1					3					1	1	4	1			3			3	7					2							2	3	1					3			1					1	4							2							1																	1			1									1					1	1										
1525121400															1			2	1			1															1	3					1											1																			1			1					2									3					3			4	2			5					3															2	2					1			1			1	1	3							1																																													1					1						
1525121700											1			1			1	1			5	2	2							1					1					2									1									1					1	4	1					1					2	1	1					3			1	3			5			1	6			4	4													3	1	1													1	1	3	1					1							1			2																	2	1	2					1					4	1										
1525122000					2																			1															1	3					1															1																									1							1	2							3	4			1	3			2	2					1							2									3			1			1			1							1																																													1												
1525122300																			1	1			1	1	1					1																									1			1											2	1	1			1					2	1	3			1	1			2			1	1	1			5			1									1			1	1									1			2			2											1																													1			1																								
1525122600					1	1	2	1	1							1			2	4	4							1					1											1	1			1							1							1	2	1			2					3	2	2					1			1	1	1	6					7	1	3	2	1			2							2			1					2			3	1					2	2																	3													1			1	1	5					1					2									1		
1525122900					1			1	1									1			1	2	1							1					1																					1			1	2					1	2	1					1			2	1	1					3			2	1			4			1	4	1	3	4					1							2			1					2			2			2			3	1							1																									1					3					2			1							1						
1525123200									3			2	2			4	1			1											1					4					1									1	1			3					1			1	4	2					2									3			1	4					2	1	7	1			8	1	5	2					2							1	3							1			4					1	1							4																											1	2			1					4			1	5									1		
1525123500	2							3					1	1	1					3											1					7					1									1	1			3			1					1	1	1	1									1									2			1	4			10	2			6			3	5					4							1	5	2					4			1					1	5							4	1									1													1			1			1					3					1					1					1
1525123800									1	1			4			2					4	1	1													1					3							1	1									1					3	1	1	1			1							1	2			1	4					3			1					8			1	2															3							1			1					1			1					4																									1			1			3					1							1					1				
1525124100					1			1	1			1			4					6	1							3	1			1	5					4									3					1			2					4	2	2											3			2					3			3	1	1	6	1			6			2	4					1					1			3							4			1			3			4							4	1					1									1									1	1			1					2	1			1											1
1525124400	1			1			2	1	1	1									4	2	2					3							5					2															2			1	1					4	1					2					4	2	2					4			2			1	10			1	9			6	7					3							1	4							5							1			7	2					5											3																	6			4					4					1									1	1
1525124700	1			3			2	1			1			2	1			1	5	4							1			2	9																	1			4			1							3							1					8	3	4					4			2	2	3	9	1	1	14			8	8					4	1					2	3	1					2							2	1	4	1					6	2									7															1	3			6					2					6												
1525125000									1			2	2					3			1	1	1			1									6			1																	1			1	1					1									1			3									7			3	3			3	1			6			5	4					1	1					2	3	1					3							2			2							6	2	1																					1	1	1			4					2					2	1										
1525125300					1			2	1			2			1	1			1	2	1													1																					1			2									2					1	1			5	1	1			1	3			1	1	2	5	1			3	2	7	4					1									2					1	3			1							3	1			1	2	1									2													3	2					1					3					5							1				
1525125600											2	1	1			1					2	1									2					6					1							2							2			3							1	2											1							1	2			1	4	2	6			2	7	2	8	5					1							3	1	3					3									1	5							2	2									1													1	1	1									5					4	2										
1525125900									3	2			4																	1	1							5			1									1											2							2							1	1							1					4					6	2	4			2	5			4	5					2							1	3	3					3			2					1	1							8	2																											1	1	1					1					4	1			1					1
1525126200													1	3			1					1	1	2			1			1					9			1																							1															1			3	1	2					5			3	2			2	1			7			4	5													1	7							3			1			3			2			1			9											1															1					2					2	1			3												
1525126500					3			1			1	3			2					2	2	2			1	1					1	8			1											1											1					2	1					3					3	2	3			1	5					1	5	8					6			6	12					3									3							4			1							6	2					8			1							2													2			2	1	3					2					3							1				
1525126800					3			2	1			1			2	1			2	1	1							1			3	6					1									1									1							1	2																					2					3	6	7	1			11	1	4	9					1					1	1	2	3					4											5	1			2	2											1													1			2			1	1			4					2	3					2				
1525127100					1			1	2			1	1	2					2	5	2							2			2	3					1							1							1			3							2	1					1					5	1	3			1	3			3	4	1	4	1			13	2	4	5					1									2	2			1	2							1	1	3	2					4	2									4					1							1	1	2			3					3					5	1			1					1
1525127400					1							2	3			1	1			3	1	1					1	3					6					1							1											1							5							1					2	1	1			2	6			1	2	1	6					10	1	4	9					3							2	4	1			1	3			2			1	1	5							6	2									1					1							2			3			2					4			1	2					2	1			1
1525127700					2			1			3	5			3	2			3	2					1			2			1	11			1	3															3			1	3					4							2	1			4			1					6			4	3	6	6	3			21	1	5	10											1	3	4	1							1	2			2	1	1							12	3	1							1													3	2	1			2					2					3					1						
1525128000					3			4			2	3			1													1			2					14			1																	2			1	2					1			1			1	1			4									5			1	5	3	10	1			20	1	11	11					1					1	4	3	3					4							1	1	6							13	3	1							3													1			1			1					2	1			4					2	1				
1525128300	1			1			1	1	2	3			2	1			6	2	1							1			1	14					2															3			1	2					9	1	1			2					7			1					6			6	2	2	12			1	17			9	9					3							4	3					1	5							4			5							7	1									4													1	1	4			2	1			4					6									1		
1525128600					3			5	2			4			3	1			9	4	5	1			4	4			3	11					2																			2	1					9	1	2			4					8	4	4					10	1	3	3	4	14	1	1	17	1	14	13					6							6	2							6			2			2			6	4					4									1	4													1	1	7			9					9					3												
1525128900	1			3			3	2	1	4			5	1			5	6	1							4			3	17					2											1			7			3	3			1	4	2					2					7	1	2					8	1	6	5	2	9	1	2	21	2	15	15					4							3	6	3			1	3			1			4	3	3	2					14	3									5													1	4	4			6					4					5					3						
1525129200					2			2	1	3	6			4					2	7	6			3			4			1	23			1	1							1			1			2			3	2			1	8	4	1			2					7	3	2					13			5	2	3	19	2	1	23	3	7	21					9					4	6	6	2					4			3			4	1	7	5					14	1	1			1			5													4	2	4			8	1			9					2	1			1			1	1
1525129500					5			2	2	6	8			5					7	4	4			2			7			2	22			2	5							2			3			2			3	6					8	3	4			4	1			9	3	4			1	12			7	5	7	18	5			31	4	9	22					6	1			2	7	10	2			3	11	1	5			4	2	9	1	1			20	1	1							5													3	1	3			11					4					5							2				
1525129800					4			3	3	5	13			2	4			2	5	5							5			1	25			1	1							1			1			1			6	7					3	1	3					1			7	1	1					17			2	7	6	16	3	2	38	3	13	23			1	4	2			1	5	13	2			3	9							1	2	5	2					28	2									5													3			3	1	11			1	6					5					1	1	1	1
1525130100					6	1	8	4	3	3			5	3			4	5	3			1	1	2			2	20			1	4							3	2	1			1			8	5			2	6	2	1			6	2			7			2			1	12	1	4	8	5	18	3	2	38			16	20					5					1	5	2	4			2	7			3			6	2	7	2					18	4	1			2	1	6													7	1	3	1	5	1			14					2	1			1					2
1525130400					7			2	5	2	4			5	1			4	5	3	1	1	1	4			5	15			1									4	1	1			2			5	3			1	3	4					1	1			7	1	4			2	12	1	4	9	11	9	5	1	38			16	27					5					1	10	5	5			3	5			2			4	2	3	4					14	3							1	5													7	1	4			10					12			1	10	2			2	1			1
1525130700					7			4	2	7	8			4	1			5	6	4					3	5			1	25					1							2	1	3			3			5	7					5	5	3									14	2	4			1	16			7	13	7	14	1			49	3	21	24					5					2	11	10	6			2	8			4			7	4	8	1					26	1									10													3	2	4			13	1			11					14	4			2			1		
1525131000					6	3	2	3	4	9			5	4	1	3	4	6			1			11			3	28			1	3							1	1	2			1			9	6			1	6	4	4			3	1			8	8	8			3	15			4	13	10	22	2	3	61	3	23	39			1	13	2					14	8	7					8	1	6			4	3	13	3					35	5	1			1			6									2			6	1	12			11			1	10			1	7	4							2		
1525131300					3	3	6	7	7	17			7	3			12	5	4					3	12			2	40					7							6			5	1	5			13	4					9	4	4			6					6	5	8			2	16			4	13	10	23	4	6	67	6	24	43			1	14	1			2	14	22	8			3	5			1			2	3	12	3	1			38	6	1	1					6									1			8	3	6	1	15			1	16					16	4			1	1				
1525131600					5			6	8	4	15			8	4	1	13	13	10			3	4	7			1	45			3	5							3	2	3	2	5			10	8			1	12	5	1			6	3			23	2	5			5	25			12	10	9	31	3	3	74	4	28	48					13	1			1	10	17	5			3	5	1	8			7	2	9	8					54	7	2			1	3	18													7	4	5	1	16					16			1	15	2			2	2	1	3
1525131900	3			8	3	5	9	10	15			17	1			13	16	10	1	2	3	11	1	4	34			3	3							3	1	1			9			15	5					13	8	5			2	5			20	7	13			4	26	1	14	17	10	26	3	2	63	7	37	37					10	1			2	12	16	8			2	7			15			5	4	14	8					40	6	2					2	18													9	10	13	1	17	2			21			2	20	2			4	2	3	2
1525132200	1			9	1	7	8	3	16			10	9			17	14	11	1	2	6	8			3	34			2	8							6	1	3			7			13	5			1	11	6	2			6	3			22	4	9			2	19	1	7	17	15	36	2	1	62	2	29	38					10	7			3	15	15	6			7	4			9			5	5	14	6	2	1	29	3	2					1	15					1							11	4	8			16					21			2	14	5			2	2	2	3
1525132500					12	1	11	12	4	12			14	10			10	15	13			2	5	10			4	48	1	2	4							7	1	2	1	3			19	5			1	13	5	8			11	4			17	3	8			1	20	1	5	19	21	41	6	3	65	6	29	49					13	5			1	11	21	6			7	9			10			8	5	15	10			1	41	6	1			1	1	14													13	6	12	4	19					19	1	1	9	2			2	1	2		
1525132800					6	3	7	10	7	10			13	8			10	11	8			1	1	18			4	53			1	4							4	1	4	1	5			18	7			1	12	9	4			6	3			13	4	13			3	30	1	12	19	12	46	1	7	58	10	26	54					20	4			3	12	19	9			2	16			6			11	6	17	6			1	39	10	1			1	4	3			1					1			10	5	15			21					18			2	14	3			3	1	1	2
1525133100					10	3	9	11	11	18			13	5			9	12	9			5	1	14			6	65			4	6							4	2	3	1	6			18	9			2	15	8	8			14	3			19	3	10			2	29			11	20	19	51	10	3	80	8	39	70					23	3			1	10	28	6			3	16			7			11	5	23	7			1	49	6	4	1	2	3	15			1									11	6	10	2	23	3			18	1	1	20					2	3	2	1
1525133400					5	1	16	11	15	24			16	7			9	19	17			2			9			3	49			2	7							8			2	1	5			21	7					16	5	8			10	3			24	5	12			6	31	1	14	17	10	46	10	3	96	11	45	57					8	8			1	19	33	6			9	10			19			11	3	9	11	1	2	55	9	2					1	23			1									17	6	13	2	28					22	1			11	2			3	3	2	1
1525133700	2			10	4	11	19	11	13			16	18			15	19	17			1	5	13			3	57			1	6							8					2	8			23	10					15	6	4			7	3			31	9	15			7	19	1	16	23	25	43	7	12	104	8	47	57					13	7			1	10	27	7			5	16			14			12	3	20	11			1	50	7							2	20					1							13	6	11	2	32					25	1			16	3			3	3				
1525134000					10	3	13	16	12	17			15	9			20	25	24			1	8	10			4	48			1	8							8	2	3	1	7			24	10			2	24	7	3			15	1			23	8	14			6	35	4	11	14	13	50	10	4	94	7	39	60					18	3			4	18	23	5			6	13			14			9	3	15	14					47	5							6	16					4							13	7	18	1	39	2			22	1	1	20	2			1	4				
1525134300					14			14	8	8	15			14	3			12	25	21			1	3	14			3	72			1	7							8			4			5			12	6					14	7	2			8	2			23	9	16			2	28	1	11	11	20	51	7	2	91	10	41	63					20	2					20	29	4			5	15			8			8	3	15	13	1	1	64	4	1					3	15													8	7	15	3	33	1			21			1	19	1			1	1			1
1525134600	1			12	1	13	8	4	21			29	10			7	25	13			1			11			4	59			1	2							6	1	4	4	16			12	12					18	8	5			9	1			27	8	18			4	31			21	13	18	42	6	2	107	5	57	56					12	3			1	18	22	5			6	17	1	15			13	3	14	11			1	61	4	1					6	15													10	11	16	1	29					39	1	2	28	2					4	3	1
1525134900	1			13	2	7	11	10	15			24	9			21	31	17					4	9			6	66			1	14							10			1	3	12			20	15					15	10	11			7	3			35	3	16			7	36			23	21	15	52	4	3	112	5	54	70			1	17	4			1	21	25	9			8	27			15			15	5	28	10	1	1	68	5							1	28													13	9	13	1	33	2	1	33			3	29	2			2	1	2		
1525135200	1			21	2	16	14	11	20			15	6			18	23	21			7	8	21			7	81			6	7							5	1	1	1	7			16	15			1	20	6	3			10	5			28	11	25			5	42			14	14	30	56	7	5	123	9	53	83					21	1					25	36	4			6	25			11			11	2	20	12			1	68	3	5			1	2	22													17	5	21	3	40	2			31			1	22	1			2	3			1
1525135500	1			19			12	7	11	29			21	8			12	28	21	1	2	3	13			7	67			2	3							5			1	2	12			11	14					25	8	5			12	2			32	10	19			7	38	1	20	13	23	48	6	3	112	6	55	74					18	4					19	37	5			5	23			12			10	3	18	14	1	2	76	5	1					3	29					1							13	12	23	1	45	2			35	1	1	20	3			1	4	2	1
1525135800	1			15	1	17	12	15	27			25	6			14	28	25	1	2	4	22			6	95			2	8							4	1	2	3	8			19	12			1	24	11	6			12	2			22	10	21			4	39	3	10	22	12	73	8	4	105	15	56	84					26	3					22	43	10			3	21			19			5	6	24	15	1			81	5	2			1	6	20					1							9	8	24	4	42	1			29			1	26	2			4	3	4	2
1525136100	1			15	1	16	6	18	26			33	8			13	25	16			3	3	15			9	84	1	3	4							3	2	2	2	14			12	10			1	27	13	5			9	3			37	6	16			3	37	2	20	24	19	60	9	4	92	10	49	80					23	3			1	30	34	12			4	16			16			17	6	16	13					53	8	2			1	6	21			1	1							12	12	23	3	36	2	1	25			2	28	4			1	6	1	2
1525136400					13	2	11	9	12	22			24	8			11	27	12	2	1	1	17			6	70			1	8							11			4	1	13			25	13					24	8	7			11	2			25	4	8			2	41			18	28	18	50	12	9	94	9	48	72					28	3					26	27	9			7	14	1	10			10	6	21	10	1	1	58	12							4	22													17	12	20	4	36					25			3	29	3			2	3	1	1
1525136700					12	2	12	15	16	28			23	11			18	27	22	1	3	3	16			9	71			2	6							7	2	3	3	6			22	13			1	19	10	5			12	3			30	8	20			6	30	1	21	20	21	45	11	5	116	14	57	74					30	5			1	33	38	8			7	15	1	9			12	6	19	14	1			66	10	2			1	4	24			1									18	9	23	3	46	2			39	1			39	2			3			3	2
1525137000					13	3	14	9	13	24			24	9	3	19	32	28					3	16			6	79					8							14	2	7			10	1	25	7			2	12	9	3			12	1			33	14	31			7	33	1	18	25	28	49	7	5	121	12	55	78					20	4			1	21	37	13			12	21			8			9	10	31	13	3			57	6					2	2	24					2							17	7	22	2	53					38			1	29	5	1	5	3			4
1525137300	1			18	2	14	23	15	31			33	9			18	33	24	1	2	3	12			8	75			2	8							10	1	4	3	13			25	10			1	23	11	3			8	2			34	6	22			2	33	2	18	18	19	46	13	6	91	10	44	81					22	6			1	24	40	4			6	12			17			15	5	24	18					48	6	1			1	7	23					2							15	12	22	4	45					29			1	34					5	2	2	3
1525137600					18	1	13	10	13	20			26	3			14	35	24					3	15			11	66					8							11	3	1	3	12			17	18			3	18	8	3			10	1			38	7	14			4	26	2	24	22	27	51	16	4	101	8	55	71					25	2					15	33	9			6	11	1	17			13	7	14	16					50	6					2	3	33													15	11	16	3	43					34			1	23	1			4	3			2
1525137900	1			12	1	15	13	17	16			27	4			16	21	21	1	2	4	19			7	65			2	6							13			2	1	10			25	11					18	10	4			7	1			31	11	21			3	38			23	22	19	55	12	5	112	14	59	73			1	20	2			2	18	27	8			11	22	2	15			11	6	32	8			2	56	6	2			1	4	28					1							17	9	20	1	44			1	41			1	30	3			2	2	2	1
1525138200					11	1	9	20	20	21			22	6	1	20	35	26	1	4	2	20			4	84			3	10							7	3	1	2	11			27	12			3	20	18	4			13	4			41	7	15			3	32	1	23	25	20	65	11	5	113	16	52	77					27	3					15	31	9			6	16			6			18	8	32	18			1	65	8	2			3	4	24													12	12	19	5	51			1	29			3	18	2			6	2	2	2
1525138500					11			12	13	10	29			25	7	1	20	33	25			5	8	20			7	92			5	5							5	4	3	2	10			14	12			4	20	12	3			9	7			30	16	24			6	32			20	20	15	62	11	1	116	5	48	86			1	25	2			2	19	39	10			5	18	2	14			12	7	32	18			1	64	8	3			3	3	24			1									15	8	23	3	48	1	1	22			2	19	6			6	5	3	3
1525138800					20	1	18	9	10	20	1	16	5			20	27	23			3	7	15			12	86			3	7							9	2	5	1	4			13	11					28	5	3			15	8			35	7	24			7	31			12	19	28	62	7	2	131	2	64	97					28	3			4	26	21	5			7	9			19			9	7	21	10	1	2	63	8	3					1	32													16	5	23	7	40					30	1			30	1			5	5			1
1525139100	1			20	1	16	8	13	31	1	19	6			21	27	26			5	9	22			9	101			5	6							6			1	4	4	1	13	16					28	14	1			14	5			34	10	26			6	41	2	17	17	22	60	6	2	133	10	52	101					24	4			2	29	32	4			9	13			23			16	3	21	14					78	5	4			1	3	22			1	2							16	7	20	7	54	2	2	28			3	30	2	1	3	4	1	2
1525139400	1			15	2	15	11	24	26			22	8			17	30	27			1	6	28			9	111			2	5							9	1	6	1	5	1	14	18					29	15	4			15	1			48	9	17			11	41	1	13	14	21	55	7	2	142	18	58	105			2	26	1					36	44	4			10	14			25			22	6	18	17					88	2	1					6	26					2							14	4	18	4	60	2	1	34	1	4	29	2	1	4	3	4	2
1525139700	2			13	1	13	10	14	34			21	10			20	30	34					3	20			9	95					8							12	1	4	2	9	1	24	11			1	17	16	5			10	2			43	11	15			1	46	1	20	19	15	57	9	3	121	11	47	92			1	27	3			2	30	48	8			11	17	2	19			17	3	17	15	2			86	9			1	1	2	22									1			16	7	26	3	62	3			29			1	20	1	1	4	4	5	3
1525140000	1			14	3	10	16	16	34			30	8			20	41	33			1	9	19			10	86	2	1	10							8	1	2	3	9			18	12			1	20	12	3			11	2			33	14	30			11	47	1	17	21	21	60	12	1	118	10	57	85					21	5			3	25	40	9			10	22			17			14	4	27	22					76	1	1			1	4	21			1									18	6	26	4	65	3			36	1	2	25	2			2	2	2	1
1525140300					12	1	14	11	15	30			31	7			28	46	34	1	2	12	27			7	90	2	3	10							19	1	3	4	10			22	8			1	23	15	5			9	4			38	14	27			9	47			17	20	23	67	11	1	125	19	66	88					31	2			1	26	41	13			20	19	1	14			11	3	30	28	1			72	5	1			1	8	30					1							22	8	28	1	63	1			39			2	33	8			1	3	3	1
1525140600	1			8			15	18	11	41			27	6			23	34	37			4	7	32			5	99			3	9			1			10			4	5	9			25	12					33	16	2			15	5			37	17	30			10	43	3	18	21	16	70	8			137	16	60	99					23	2			1	26	50	7			11	21			19			10	3	33	26	1	1	93	6	4					11	24													14	6	28	5	65					37	1	4	32	4			3	7	2	1
1525140900	1			9	2	14	14	16	28			20	4			26	27	21	1	2	7	23			7	111			3	13							18	1	1	2	6			22	13			2	29	11	2			10	4			41	7	18			5	42	2	16	19	21	81	9	3	123	15	68	101					35	4					22	48	6	1	14	19			14			16	7	29	18			1	93	2	2			2	4	25			2									18	6	27	6	45	1			29	1	1	33	3			1	5	2		
1525141200					7	2	14	19	19	37			30	5			23	26	19			1	6	24			1	118			1	7							11	3	8	2	8	1	23	14			1	36	17	3			21	2			47	8	26			6	50	1	17	17	21	70	17	1	124	20	70	119			1	30	3			2	22	51	11	1	9	15			12			23	11	25	15					89	9	1			1	6	25													15	7	30	4	45	3	2	32			1	30	1	1	7	5	1	1
1525141500	2			13	1	15	18	15	38			25	5			19	43	38	1	4	3	31			5	118			4	7							15			4	1	11			21	10					27	16	5			12	3			47	13	27			12	37	2	21	26	28	70	13	1	116	22	69	102			1	40	3			2	29	61	10			11	22	1	15			19	6	26	22			1	78	5	3					4	33													15	8	30	2	63	1	1	30			2	48	5			1	3	3		
1525141800	1			13	1	13	12	16	42			25	4			33	39	33			3	7	28			6	114			2	9							5	3	7	5	14			13	12			3	34	16	3			22	2			39	12	29			4	49	5	22	17	23	77	16			128	19	79	114			1	37	4			1	30	63	14			6	23	1	20			18	7	37	20			1	89	5	1			3	9	28					3							12	11	30	3	70			1	43			1	29	6			3	2	5		
1525142100	1			10	4	20	15	16	33			33	8			31	37	30	2	2	10	25			5	121			1	12							11	3	6	4	14	2	25	15			4	25	10	7			10	2			40	8	22			8	44	2	30	33	16	72	19	1	155	6	64	119			1	35	6			3	29	56	16			11	18	1	19			16	11	25	19					86	11	3			4	8	24			1	1							20	11	24	3	57	1			45					36	5	2	3	3	3		
1525142400					17	2	13	15	13	31			31	7			25	27	24			3	6	14	1	9	96			3	9	1					11	6	3	2	5	1	19	12			6	26	13	4			21	4	1	44	8	25	1	10	42	3	28	24	22	66	15	1	140	13	69	94			2	21	2			4	36	52	10			11	21	1	15			17	6	24	10					87	5	3			5	4	29													20	3	29	9	55	5			37			2	34	5			6	2	4	1
1525142700					15	1	11	6	16	27			26	6			22	39	30	1	2	7	14			7	85	1	2	14	1					11			3	1	8			17	14					28	12	2			14	4			44	16	34	1	11	36	2	22	23	22	64	16	2	143	10	72	84					34	1			2	27	43	6			14	19	1	22			14	6	21	21	2	1	78	7	1	1	1	2	31			1	1			1			19	6	35	3	77					53			1	44					5	6	6	1
1525143000	1			15	1	13	10	20	33			32	9	1	25	40	32	1	3	14	20			8	96			3	5							11	2	4	2	12			18	16			2	37	17	2			12	4			43	13	30			8	38	4	16	26	26	67	18	2	129	15	69	101					37	1			3	13	41	6			14	21			15			11	5	20	19	1	2	85	5	1	1	2	6	30			1									18	9	36	5	64	1	1	47			4	39	2					4	2		
1525143300	2			15	2	18	11	17	25			35	6			20	35	26			3	6	28			7	104			3	9							16	2			4	12	1	22	5			2	27	19	1	1	18	4			46	12	37			9	31	1	27	13	30	71	17	1	142	22	75	108			1	30	1			1	21	43	7			18	27	1	20			20	3	29	16					68	5	2			2	4	27			2									23	12	37	4	58					49			1	39	3			2	6	6	2
1525143600	1			16	2	14	13	22	37			24	7			28	37	32	1	3	6	20			5	106			3	14							12	1	3			9			23	8			1	24	15	4			14	4			41	12	27			6	52	1	19	21	25	70	17	4	146	19	64	112					31	3			2	36	53	9			19	24			18			16	4	37	15	4	1	67	8	2			1	1	28													19	9	30	3	65	2			40			1	45	2			3	4	3	1
1525143900					18	2	14	13	24	40			29	10			29	35	23			4	4	27			10	111			4	13							11			2	4	8			26	14					23	10	1			10	7			34	12	29			5	51	1	19	16	23	70	12	1	143	13	81	112					30	4			2	22	61	4			13	29			19			18	3	33	16	1	2	72	10	3					4	22					2					1	20	14	25	4	56	1	1	63					47	1			2	5			3
1525144200	1			20	1	15	18	20	23			20	7			25	35	30	1	3	4	19			13	119			2	9							15	2	4	1	6			21	9			2	23	11	5			11	3			43	12	25			2	56	1	26	16	25	85	17	2	140	15	60	123			1	33	8			1	24	43	8			14	24			14			18	5	35	14	1	6	84	2	1			2	4	25			2	2							32	8	25	1	53			1	60	1	3	33	6			2	5	2	2
1525144500					31	2	20	13	16	28			21	10			18	41	35			3	5	27			11	96			2	8							16			3	2	15			26	9					22	9	5			13	4			46	9	23			4	48			25	26	39	60	6	2	133	12	62	115					26	4					30	41	12			11	28			20			15	8	20	21	1	3	64	8	3					4	36			2									19	12	15	2	57			1	42					37	5			2	4	1	4
1525144800	1			22	1	14	15	16	32			27	8			32	34	35			2	7	24			10	87			2	13							14	3	4			9			27	3			3	40	20	2			17	6			32	15	25			11	42	1	19	27	31	71	7	1	119	12	65	100					37	6			1	26	45	13	1	10	23	2	21			18	10	29	21	1	3	78	7	1			2	1	24			1	2							14	8	28	3	56					35					32	5			6	6	4	6
1525145100	1			15	2	21	19	17	40			31	7			45	51	44	1	6	12	19			9	96			6	17							15	5	4	2	10			28	11			5	39	12	2			21	5			43	14	26			8	47	2	27	16	22	84	13	2	116	11	44	111					40	2					22	43	10			10	21	1	25			16	4	33	27	1	3	81	8	5			4	8	33			1	2							22	12	27	4	64					36	1			41	6			1	4	5	4
1525145400					9	2	16	10	16	31			36	6			20	42	47			4	7	25			3	103	3	4	9							6	2	5	7	13			18	7			2	33	15	2			13	5			37	11	31			6	51	3	20	20	14	79	11	2	143	17	77	118			1	35	2			1	25	41	7			6	18			17			13	6	34	22			1	92	5	4			4	9	34			1	1							22	7	35	4	73	1	2	50					33	3			4	11	6	2
1525145700	1			16	1	11	5	21	38			35	5			18	32	32			3	4	28			6	111	1	2	8							6			3	2	13			11	17					23	13	5			11	6			35	12	28			1	56			21	18	23	71	22	1	151	18	68	120					37	2					25	55	9			8	22			9			10	5	29	12			4	71	5	5					3	32													20	8	30			72	1			47					34	3			3	7	2	4
1525146000					8	1	18	11	17	21			30	5	1	20	43	40			8	7	26			3	107			6	7							9			1	2	16	1	14	16					33	18	1			19	7			51	14	30			2	40			22	17	20	79	12	3	139	22	56	120			1	25	4			2	26	39	8			6	27			19			15	8	32	18			3	74	3	6					6	40													15	12	32	3	82	3			35			2	27	5	2	4	7	2	3
1525146300					17	1	18	10	10	25			30	3			30	48	41	1	3	5	21			5	108			3	12							11	4					12	1	18	15			4	26	19	2			12	6			48	13	21			3	53	1	33	10	22	81	17	4	113	17	65	110			1	30	1			1	17	45	7			9	27	1	19			17	2	32	27			3	70	4	4			4	3	40									1			19	11	29	5	65	2			37			3	33	1	1	2	6	8	1
1525146600					13	1	10	11	10	24			32	6			43	37	41	1	5	13	19			7	84			5	18							8	4	1	1	11	1	18	10			4	41	20	3			17	6			35	17	32			8	39			21	17	21	69	14	2	108	17	57	95			2	23	3			1	22	38	7			10	22	2	13			8	3	27	20			4	61	6	5			4	7	22													24	11	37	3	64	1	1	40			2	27	3	1	4	9	6	2
1525146900					11	1	11	7	17	17			33	9			27	41	29			5	2	27			7	99			5	6							5	6	2	1	12			12	12			4	25	25	4			16	7			33	19	38			11	30	2	16	14	22	67	18	5	132	15	57	107			1	27	5			2	28	33	7			5	22	2	11			10	1	41	20	1	7	74	6	5			4	5	23			2	1							25	8	33	2	58			1	51			4	25	4			1	12	7	1
1525147200	1			19	1	16	8	12	35	1	18	6			34	42	30			4	6	17			7	118	1	3	13			1			5	5	5	1	9			14	15			6	31	17	2			17	3			39	12	24			6	59			20	22	32	94	9	1	134	6	66	111					35	5			1	28	48	11			5	25	1	17			14	10	49	19	2	6	82	4	4			6	1	32					1							20	7	26	4	60	2			38			4	39	2			4	11	4	1
1525147500	1			15	3	17	5	13	32			23	7			30	43	40			4	8	16	1	6	100			4	12							8			3	5	14			11	13					27	6	3			16	5	1	34	23	28			7	48			16	22	22	81	10	2	118	5	50	111					27	1			3	26	47	16			9	32			19			15	5	39	22			4	79	3	4					5	24			3									23	10	27	5	66	4			37			2	20	5			2	7	1	1
1525147800					16	1	17	10	14	21			24	9			22	43	39			6	10	26			6	82			6	15							9			7	1	13	1	21	9					32	15	3			14	7			40	13	27			4	36	4	22	21	17	72	12	1	128	20	56	86			1	27	3			1	16	31	8			10	15			15			16	7	18	24			1	67	3	3					6	28													16	12	30	2	59	1			28			2	29	2	1	5	1	5		
1525148100	1			6	1	21	12	24	32			19	5			17	35	29			4	2	27			3	92			3	9							7	4	1	1	6	1	20	14			4	29	10	3			14	3			44	14	25			2	45	3	14	23	12	72	11	2	119	15	68	106			2	28	3			1	16	38	9			9	24			10			10	4	37	16	1	1	63	7	3			4	4	37													21	3	23	1	60	1	1	29					29	3			1	7	1	1
1525148400	1			9	2	14	8	22	25			20	7			25	41	32	1	1	4	27			4	114					13							11	2	5	3	9			16	12			1	30	11	5	1	11	3			37	13	22	1	6	37	1	20	17	11	80	11			130	13	52	121					34	2			2	16	35	5			9	30			10			15	3	38	21	1	4	71	6	1					5	27					1			1			17	9	23	1	51	2			41					37	2					6	2	1
1525148700	1			14			19	11	11	26			30	3			32	35	26			3	6	22			9	106			2	10							10	3	2	3	11			16	9			3	40	15	1			14	2			39	21	30			6	39			26	17	15	78	13			98	19	51	115					42	2					16	56	2			11	18			9			13	6	32	14			3	56	4	2			3	3	25													21	12	34	6	47			1	41			1	34	2			1	3	4	1
1525149000					17	1	20	10	17	21			27	2			21	30	23			4	5	16			8	79			4	13							9	2	2	1	11			16	19			2	29	7	2			14	7			37	3	17			4	33	1	22	10	19	70	13	1	94	6	45	95					18	5			2	25	38	7			10	18	1	16			18	3	29	17			4	60	4	3			2	6	19													26	9	16	5	44	2	2	39	1	1	25	2			1	9			2
1525149300					14	2	16	13	18	18			21	4			14	24	17			2	1	23			8	102			2	3	1					11	3	5	1	7			18	12			3	30	14	3			14	7			31	17	26	1	2	30			14	15	16	81	11	2	89	9	36	128					40	2			4	21	39	4			8	14			12			10	6	39	10	1	9	57	2	1			3	3	27													20	5	25	3	45			1	32					15					4	16	2	2
1525149600	1			14			15	13	19	26			17	2			21	33	27			6	4	24			8	98			5	11							10	4	1	2	6			17	9			3	21	15	1			10	7			27	5	17	1	5	38	2	12	13	17	72	10	3	101	15	47	103					36	1			4	29	43	3			8	25			15			11	1	27	20			8	64	2	3			3	7	24													22	4	23	2	48	1			39					26	2					6	6	2
1525149900					14			13	10	22	24			22	8			30	45	33			6	5	15			10	76			4	10							15	2	4	3	9			15	16			2	19	12	3			10	5			32	18	18			6	42	1	15	14	12	53	8	1	117	11	61	96					23	5					29	38	7			11	22			14			10	4	27	23	1	9	65	4	4			2	4	30			1									28	10	21	2	65					49			2	23	3			2	13	2		
1525150200					18			15	12	24	25			20	4			31	41	33	1	6	11	28			8	82			4	15			1	1	9	2	4	1	7			10	14			2	40	12			1	16	5			45	14	20			8	46			22	16	20	64	12			130	18	63	102					34	4			1	34	35	3			5	18	1	4			21	3	26	23	1	10	64	5	6			2	2	32			1									16	9	30	4	63	3			49	1			38	1			4	13	3	1
1525150500					17			16	3	14	34			23	4			25	42	33			7	6	25			10	93			6	4							5	3	3	1	11			8	9			1	30	21	4			13	5			45	13	20			1	48	1	23	18	19	71	11			122	18	66	103					25	2			1	30	40	5			5	25			7			17	5	28	20	2	9	74	3	5					3	32													18	7	26	5	56	1			52			3	31	3			3	4	2	2
1525150800					17	4	21	11	14	26			29	8			21	30	28			4	4	22			9	89	1	2	10			1			11	4	7	4	11	1	19	14			3	28	12	2			18	6			37	16	31			3	34	1	21	26	18	67	10	3	132	12	44	110			1	26	3			1	19	30	11			9	25	1	15			16	10	27	16	1	11	67	5	4			2	7	25			1	2							33	8	21	2	54	1	1	48					27	4	1	4	14	3	4
1525151100	2			17	3	16	9	19	22			22	12			17	30	32			8	2	16			11	101			6	6							8	2	3	7	10			22	19			2	31	8	6			13	10			37	7	22			3	50	2	15	31	30	81	16	3	128	10	54	125			1	25	5			3	24	42	16			5	28	2	14			13	8	32	18			13	68	12	5			1	8	27													21	4	15	3	58	4	1	47			1	24	5			6	8			4
1525151400	2			17	5	19	12	19	23			24	9	2	32	33	31			13	6	20			10	105			11	12							8	4	3	3	10	1	17	22			3	23	13	3			7	8			45	8	18			4	47	1	18	26	27	86	12	3	130	15	62	127			1	32	4			1	28	36	13			10	29			11			12	8	35	22			8	87	6	11			2	3	31			1									31	8	22	3	65	5	1	41					30	6	1	8	13	4	3
1525151700	2			16	1	15	14	12	28			23	5			31	36	42			3	7	21			9	111			4	4							12	3	6	1	9			23	17			1	27	15	5			16	3			37	19	30			9	45	3	19	23	21	64	15	4	125	10	69	122					28	2			2	23	49	12			12	21	2	9			18	12	23	22	1	5	90	6	3			2	5	21					1							28	4	29	5	75	4			45			2	33	4			4	12	3	2
1525152000					21			12	13	19	33			23	6			24	44	40	1	2	3	22			8	102			3	10							11	1	4			10	2	15	20			2	24	13	2			8	4			44	13	23			2	42	1	26	17	30	68	12	4	143	12	62	121			1	29	5			4	28	49	6			9	25	3	12			22	5	31	20			13	89	4	1			1	1	25									1			26	9	27			65	2	1	53					32			2			6	3	3
1525152300	2			18	3	12	12	16	27			28	11			26	50	48	1	6	7	14	1	8	95			4	10							17	1	2	5	12	1	21	15			1	26	9	3			9	4	1	49	20	33			5	39	1	29	15	20	55	11	1	118	9	52	118					27	4			2	20	34	8			12	21	1	10			24	4	22	27			8	83	6	4			1	4	32													28	12	29	3	70	2			42			2	33	1	1	3	8				
1525152600	3			16			21	11	20	18			27	9	1	27	59	45	1	3	5	16			8	74					15			2	1	10	2	5	2	20			13	10			2	29	16	1			14	1			50	13	26			5	38	2	25	18	19	74	13	2	125	10	59	105					29	5	1	3	24	27	6			10	25	2	18	1	20	6	31	22			6	59	5	4			2	4	32			1									25	17	30	6	82	1			50	1	1	31	1			6	11	2		
1525152900	5			12	3	15	18	19	37			24	6			35	40	35			3	5	21			3	86			3	16			1			9	2					13			22	11			2	26	10	1			7	2			41	18	22			2	49			22	20	18	73	9	2	122	14	62	99					37	3					34	53	10	1	8	24	2	19			21	6	35	15	2	15	67	4	4			2	1	32													24	10	32	1	73					49	3			33	6			5	11	1	7
1525153200	2			10			18	13	14	24			30	8			23	49	40	2	6	5	15			6	105	1	6	13					1	13	4	1			12			22	9			3	29	11	3			9	6			40	17	34			3	48	1	23	23	18	73	10	1	125	5	66	109					29	1			2	23	50	11	1	15	23			15			15	6	27	19	1	17	80	6	3			2	6	25			1									30	8	30	3	69			1	58					42	5			6	12	1	2
1525153500	1			12	3	18	15	24	24			24	11			25	36	28			7	4	15			5	110			5	11			1	1	14	3	4	1	13			25	14			4	30	16	4			15	6			39	8	23			6	47			19	19	19	81	12	1	149	11	77	112			1	26	2	1	2	24	34	7			13	27	2	17			20	8	34	12			10	83	8	6			5	1	26			1									34	8	25	2	63			1	66	1	1	24	2			1	6	3		
1525153800					14	2	28	28	15	25			27	9			39	43	34			4	7	16			8	114			4	14							16	3	1	3	9	2	31	13			2	32	14	3			17	3			43	18	28			6	38			23	19	21	83	9	1	150	7	70	124			2	36	5					23	55	7	2	11	15	1	14			19	4	30	23	1	4	100	5	1			2	5	26			1									22	9	29	4	60	1	1	46			1	39	3	1	2	11	3		
1525154100	3			17	2	23	15	18	28			23	10			45	35	27			6	11	14			7	105			3	19							15	3	2			14			22	17			3	31	9					10	2			42	15	34			4	54	2	27	21	23	73	13	1	140	9	73	110			1	38	4			2	24	49	12	1	14	31			9			16	6	33	14	1	8	79	4	4			3	3	38													33	9	28	3	63					57			2	40	7			3	8	1		
1525154400					20	1	11	14	22	22			39	9			29	39	25			7	5	23			14	98			6	19							12	1	1	3	11	1	20	15			1	29	7			1	14	3			43	12	35			3	48	2	25	16	17	61	18	1	139	9	70	112			1	24	3			2	33	40	11			10	30			10			13	2	36	16	1	9	83	3	6			1	5	25													38	11	24	2	56					61					43	8	1	3	11			2
1525154700	2			11	2	15	12	31	30			33	8	1	24	36	19			1	5	21			7	113			1	11							14	3	1	1	17			21	19			3	20	14	2			9	2			44	9	24			5	54	1	32	19	22	76	12	3	141	15	78	115					35	2			1	39	46	12	1	12	37			16			19	6	41	12	1	13	81	5					3	5	31			1	1							35	10	22	3	51	1			61			1	44	4			3	6	2	1
1525155000	1			24	2	17	10	16	28			22	7	1	28	51	36	2	3	10	44			14	111			3	11							6	3	5	1	18	1	15	12			1	29	25	4			13	5			41	14	25			3	48	3	27	27	37	81	9	4	154	25	80	123					41	5			1	31	56	12			4	31	1	17			13	11	40	16			9	81	6	2			2	4	33													19	11	34	1	60	1			44			2	35	5	1	6	7	2	1
1525155300	2			22			21	8	22	51	1	20	5			22	45	39			5	7	23			12	97			5	9							9	1	1			13			16	14			2	37	12	5			21	7			37	16	25			3	72	1	17	30	34	78	8	4	130	19	80	120			1	28	1			1	27	71	10			12	35			16			9	9	34	25			11	88	5	4					2	28					1							27	7	25	10	74			1	58			1	32	5			1	8	1	1
1525155600					22			24	17	24	34			24	5	1	27	29	33	1	9	7	25			10	114			8	15							14	3	3	1	7			20	17			3	28	12	5			7	8			37	10	19			2	63			17	23	31	65	13	2	150	19	65	149					33	4			4	25	48	10			10	19			16			19	8	20	16	1	8	95	3	9			2	3	16					1			1			32	7	15	2	62	3			55	1			35	8			3	7	3		
1525155900					19	1	19	10	19	41			18	6			26	28	30	1	9	7	21			5	115	1	8	11							11			1	1	7			16	11					25	8	2			12	5			43	8	17			5	49	2	21	20	31	60	13	1	155	15	77	147					25	4			1	19	52	12			12	22			11			13	9	22	21			15	87	5	7					3	33									1			29	5	21	3	55	1			63			1	36	5			4	12	2	3
1525156200					25			18	13	20	31			25	7			20	36	35			7	5	25			8	107	1	5	11							12	3	3	4	14			16	13			3	25	15	2			14	4			51	15	23			8	49	1	27	23	25	74	10	1	149	17	83	137					27	2			1	21	49	12			9	20	1	16			21	5	29	14			10	86	4	5			3	4	29									2			26	11	25	4	65	1	1	64	1	4	47	7			5	13	1	4
1525156500					14	2	24	13	22	25			30	13	1	27	32	28			4	1	19			5	110	1	2	12							13	5	2	2	12			20	13			4	16	17	3			8	5			45	16	34			3	41	1	22	18	19	68	14	1	147	17	70	135					29	1			1	27	32	9			15	18			22			18	1	31	15	2	8	77	8	4			4	5	25													31	9	26	3	60	2			69			3	32	6					9	3	3
1525156800					19	2	23	9	23	28			28	4			37	34	34	1	6	12	21			10	97	1	6	16							6	4	2	3	8	3	17	10			3	37	21	1			15	5			48	13	27			6	41	1	21	24	18	80	11	1	163	13	88	130			2	29	4			1	36	31	11			6	27	1	22			19	10	34	16			10	69	12	6			4	6	28													28	7	34	8	57					64					44	3	2	9	14	5	4
1525157100	2			16	1	22	9	19	29			25	8			19	54	40	1	7	5	24			9	99			6	10							7	2	3	1	11			18	14			1	26	17	3			19	5			40	18	28			6	40	2	25	26	18	80	14	1	173	16	88	136					28	6			1	35	51	11	1	8	22			22			15	8	29	25	1	12	82	6	6					6	31			1									29	9	31	5	70	1			70	1	2	49	5			3	14	5	2
1525157400	1			9	1	17	13	24	21			28	8			26	45	39			7	10	18			1	96			7	8							13	2	4	1	12			16	15			2	37	21	3			20	7			47	20	26			4	40			23	22	11	84	13	3	164	16	93	127					27	7			1	41	43	4			12	22			13			14	3	26	17	1	11	89	2	5			2	3	36													34	10	28	7	86					67			3	46	3			2	6	8	2
1525157700	1			13	1	15	11	22	23			28	7			33	39	37	1	6	8	20			7	105			6	8							6	6	3	2	11			15	20			6	30	13	2			11	8			44	16	27			3	45	1	27	15	15	87	14			168	11	79	144					35	3			1	27	32	7			4	29	1	16			18	7	33	24	1	10	86	3	7			6	3	25					1			1			30	9	23	1	70	2			67			1	35	2					8	3	1
1525158000					17	1	17	12	23	41			29	4			23	30	28	1	10	4	17			8	118	1	10	10							11	1	1	2	15			19	12			1	31	11	3			12	9			38	9	21			6	54	1	22	18	20	68	13	1	174	13	72	159			1	31					2	27	49	9			8	24	2	14			18	6	31	10	2	6	107	4	9			1	4	21			1	1							37	9	20	2	53			1	76					32	2			5	17	2	2
1525158300					17			16	14	26	33			31	7			19	41	23			5	2	25			6	130	1	3	13							15	3	6	3	16	1	20	9			3	28	11	4			7	6			39	12	25			3	51			25	19	26	77	15	2	160	10	78	156			1	40	5			2	31	47	9			13	30			12			15	7	36	12	1	9	106	5	4			3	4	23													33	15	22	1	44			1	81					40	6	1	3	17	3	3
1525158600					18	3	26	17	20	30			29	10			24	36	27			7	10	21	1	12	117	1	7	10							14	2	5	2	9			25	18			2	30	20	4			18	4	1	37	12	33			5	53			16	22	17	75	14			173	15	79	138			1	22	6			1	28	46	8			12	23	1	24			9	7	27	23	1	10	105	6	6			2	3	21	1											31	6	25	6	56	2	1	84			2	30	4			4	12	4	5
1525158900					18	1	19	10	22	29			35	4			21	41	30			8	1	24	1	8	97	1	8	8							11	2	3	2	15			20	6			2	27	19	3			13	7	1	48	11	30			9	54	3	32	30	18	75	16	3	159	16	76	155					27	3					38	47	11			12	33			23			15	8	37	18	1	9	74	6	7			2	5	35			2									39	10	23	4	59	1			71			2	40	2			6	19	5	5
1525159200					23	1	23	16	28	32			39	6			25	38	37			6	3	34			14	122	1	7	13							9	1	4	2	14			23	13			1	15	12	1			10	6			38	10	31			7	44	1	22	29	21	92	10	1	158	25	80	159					34	3			1	28	52	15			13	22			20			13	10	34	20			12	93	6	3			1	5	33			2									24	13	26	1	59	1			60			1	29	4			6	9	2	1
1525159500					19			19	19	31	39			27	9			32	36	34			6	9	23			8	123			4	6							12	5	7	5	8	1	24	21			5	30	16	3			15	3			38	14	31			8	52	3	16	27	25	82	12	1	182	15	75	167			1	41	2			3	21	71	14			11	19			14			10	10	34	25	2	10	128	6	5			5	12	32					1							32	6	31	2	71					75					27	5	1	4	11	4	2
1525159800	1			17	2	19	21	20	47			30	11			26	38	32	1	4	6	20			6	128			4	12							15	5	1	2	13			27	14			3	31	22	3			22	2			29	11	30			6	72			20	21	22	90	16	4	158	13	65	152					38	8			5	30	69	8			15	27			16			13	4	39	19	1	6	102	4	2			2	4	21			1	2			2			32	10	30	6	53	2			55			1	38	4			3	7	7	2
1525160100	1			20			33	9	21	53	1	30	12			26	29	24			5	7	14			6	119	1	5	12							6	1	3	2	12			17	12			1	36	8	2			14	4			29	10	22			3	69	1	24	19	22	91	15	1	153	8	78	132			1	29	7			1	19	65	9			10	32			17			15	7	34	13			10	91	8	4			1	4	22			1					1			30	10	30	5	53	2	1	79	1	1	31	4			1	14	1	2
1525160400	2			18	1	23	6	21	46	1	31	8			23	39	28			3	7	22	1	7	103			3	10							9			4	4	14	2	14	7					28	7	2			15	6	1	45	9	22	1	13	65			22	22	28	81	18	2	157	8	88	153			2	36	7			1	34	64	10			8	26			22			15	8	28	18	1	12	105	5	5					6	26					1							31	8	31			47					93			1	47	3	1	4	12	1	2
1525160700					25	3	16	9	24	40			31	7			21	46	31			7	3	24			8	121			7	10							2	1	6	2	15			10	23			1	23	14	3			9	10			48	13	33			5	64			28	23	28	80	13	1	163	11	90	168					37	5			1	34	57	10			4	24			13			19	11	29	20			12	97	3	6					6	40													30	10	31	2	55	1			104			3	52	5			6	11	3	2
1525161000	2			25			13	12	22	35			28	6			25	53	45			2	4	27			14	126			2	9							5	4	3	3	13			17	20			4	29	11	3			12	3			50	9	23			4	59	1	18	24	30	72	11			175	8	92	157			1	30	5					30	59	9	1	3	29			16			15	6	35	22	1	12	108	6	2			4	6	38													19	11	25	1	60	2			97					39	4			4	14	4	2
1525161300					20			23	5	21	34			30	7			37	40	44	1	3	10	24			10	119			3	23							8			1	2	12			12	10					39	20	1			18	4			39	22	38			8	49	2	24	15	26	70	12	1	161	15	88	152			1	31	5					34	58	6			10	21	1	19			19	5	28	26	1	9	109	6	2					8	30					1							30	10	28	5	75			1	100			2	46	3			4	17	4	3
1525161600	1			19	2	19	9	25	26			29	11			33	45	36			4	5	23			10	104			3	9							9	2	2			16			18	15			2	34	10	4	1	10	4			48	17	26			4	45	1	30	18	21	75	9	2	167	14	63	162					29	10			2	36	51	9			8	18			17			16	6	26	24	1	10	101	5	4			2	3	36			1									34	13	25	1	73	2			107					38	6			3	8	2	1
1525161900					20	4	16	16	18	38			32	16			35	46	37	1	2	5	23			15	134					15							8	2	4			12			18	5			2	30	16	2	1	17	3			51	12	26			6	59	1	24	11	17	87	9	2	141	19	75	160			1	34	11			2	23	58	2			7	29			15			21	5	48	28	1	2	83	5	1	1	3	6	37			1	1							28	11	26	3	60	1	1	106			1	34	1					10	2		
1525162200	1			19			18	16	24	33			25	12			26	34	39			9	8	29			13	123			7	9							19	1	2	2	9			21	14			1	26	17	3			13	8			43	17	23			9	45	1	17	12	18	85	19	3	151	16	87	163			1	50	10			1	25	55	8			16	27	1	22			15	3	40	19			1	94	4	10					2	29													45	3	34	2	66	1			109			4	30	4					14	2		
1525162500	2			22	3	22	12	14	40			33	11			19	48	34			4	5	35			12	131			5	8							11	2	3			15	1	18	16			1	21	10	2			13	7			41	17	34			10	58	1	26	20	28	81	21	2	166	16	88	162			1	38	9			2	24	68	7			10	23			17			17	5	42	18			7	116	10	4			1	3	28							1					33	11	26	3	67	2			116			1	46	3	1	4	10	2	2
1525162800	1			26	3	25	14	23	43			44	10			20	54	28	1	4	4	22			17	139	1	4	7					1	9	3	4	2	18	1	22	16			3	30	15	1			17	5			48	13	39			6	62	1	35	19	26	89	22	1	187	17	90	171					34	8	1	1	34	61	9			11	26	2	26			16	8	41	21	3	1	133	4	2			3	6	40			1									33	17	29	5	65	1			124	1	1	49	2	1	4	8	5	1
1525163100					18			18	16	24	48			30	18			29	40	34			5	2	30			10	131			4	10							16	1	2	1	15			26	20			1	29	25	1			10	9			45	16	28			5	63			21	15	20	80	11	4	195	21	102	162					28	11			3	28	62	8			18	21			16			14	6	30	16	1	1	99	4	5			1	3	32													41	10	19	3	68	1			129	1	3	42	3			4	10	2	3
1525163400					21			17	19	22	48			24	12			24	46	35	1	8	6	22			12	135			6	12							12	1	5	1	8			24	22			2	36	10	5			15	4			38	8	28			5	60	2	17	27	22	87	10	1	212	18	94	196					38	8			4	28	61	17			14	27	1	14			12	13	41	22	2	3	109	10	6			2	4	29			2					1			45	7	31	5	67	4			145			1	48	6			8	10	2	3
1525163700					24	1	14	18	31	37			28	12			17	52	32	1	9	6	39			14	133			9	9							18	1			2	12			26	15			1	26	8	5			8	4			38	16	28			6	70	3	22	29	27	80	12	1	186	16	92	223					51	6			2	45	49	10			11	31			9			14	9	36	21	1	2	104	7	9			1	5	26			2									43	10	23	4	69					150			1	42	3			4	18	3	2
1525164000					20	4	12	16	19	44			31	22			31	38	31	1	7	4	21			15	142			4	15			1			10	3	1	1	10	1	25	10			3	23	12	3			10	3			32	11	22			3	67	1	15	26	23	75	16	1	196	10	96	216			1	40	11			1	35	48	12			13	29			14			5	5	44	21	1	4	106	9	6			4	2	24													44	7	17	1	63			1	150			2	51	6			3	15	4	1
1525164300	1			23	5	17	12	31	54			26	15			29	34	23			5	3	24			11	144			4	14			1			14	4	2	1	10			28	14			3	22	11					9	1			33	9	21			7	82	1	24	22	28	82	6	5	213	12	96	221					49	8			1	29	67	14	1	19	29			13			14	3	43	15	1	3	117	9	4			3	4	24					1							51	9	23	1	54					148	1			35	6			1	20			2
1525164600					29	5	8	22	25	41			25	12			21	36	39			2	3	33			18	155			1	9							16	2	4	1	7			34	15			1	26	11	3			14	4			33	14	26			8	65			20	23	27	81	11	5	223	20	100	242					47	5			2	38	52	9	1	17	26	2	13			10	7	38	21			4	112	9	2			1	5	26													46	8	23	1	75	3			160			1	49	2			2	12	1		
1525164900	1			23	1	13	23	22	49			30	13			23	44	39			11	2	26			18	152			7	14							21	2	3	1	12			29	25			2	24	11	1			12	2			36	17	27			8	84	1	21	19	25	74	13	6	229	15	98	243					30	10			2	28	77	7	1	17	22			11			12	3	31	25			4	113	6	3			1	3	26													59	9	21			77	1			150			2	46	2			3	22	1	1
1525165200					27	3	14	15	21	47			26	15			32	35	40			7	12	24			16	149			4	12							15	2	4	1	10	1	26	10			1	42	15	1			24	2			46	18	27			5	86			26	22	31	95	11	4	211	10	98	245			1	40	11			1	28	59	12			17	27	1	9			16	6	32	16			13	101	9	7			1			27			2									77	9	31	5	61	1			160			2	56	5	1	2	34	4	3
1525165500					34	5	26	27	28	62			31	18			24	44	43			6	8	35			13	162			6	9			1			9	4	5	2	7			32	17			4	33	12	4			18	6			43	10	25			5	73	3	12	23	36	98	11	10	203	7	90	265			1	34	13					22	87	9			9	31	1	16			9	10	39	21	1	20	133	13	2			3	4	34													70	8	28	5	77			1	109			1	35	3			4	20	5	2
1525165800	1			34	2	16	21	25	55			22	16			26	49	45			9	3	34			17	151			10	16							13	2	1	3	15			32	11			2	30	17	5			15	12			42	16	25			5	68			20	23	35	105	5	5	217	21	98	276					61	12			3	22	75	12			12	32			14			10	9	58	21	1	21	148	17	8			3	4	27			2					1			67	14	22	1	65	1			109					51	2			8	18	1	2
1525166100	1			27	5	21	20	17	43			19	12			34	39	38			8	3	39			14	154			8	19							13	5	4	2	8			32	15			4	29	15	4			15	3			48	15	31			2	86	2	16	23	36	90	10	5	233	18	122	249					44	10			1	38	75	13	1	11	32			17			11	8	41	22			27	119	7	7			4	4	41													83	4	21			62					128	1	3	54	5			5	34	4	3
1525166400	2			27	1	17	20	17	53			25	20			32	38	41			9	7	29			20	152			6	14							17	3	6	2	10			35	8			1	36	17	7			16	4			42	19	35			10	84	6	12	22	30	100	12	4	227	12	107	234					43	13			1	33	83	15			17	33	2	17			10	8	39	30			34	133	8	7			1	8	31													121	5	32	2	65	2			149					54	5			3	28	2	1
1525166700	1			23	2	18	19	17	44			49	13			32	58	51	1	7	3	33			13	160	1	4	20							14			3	4	20	2	29	13					23	8	5			10	4			46	18	33			4	64	4	26	23	26	81	20	4	233	8	123	228			2	36	8			5	27	66	11			23	34	1	11			18	4	46	29	1	36	124	6	8					10	28			1									140	15	24	3	70			1	146	2	1	66	6	2	2	36	2	1
1525167000	1			28	3	20	13	20	52			38	14			32	47	46			8	10	32			13	148			3	19			1			6	1	7	3	10	1	18	15	1			33	13	4			10	5			40	21	43			5	72	3	18	23	35	92	15	4	274	9	146	257			3	54	4			2	30	74	15			14	27	1	17			14	8	36	26	1	21	137	9	7	1			4	40					1			2			135	8	33	3	82	1	1	187	1	2	68	3			3	28	3	1
1525167300					31			21	16	22	45			26	10			42	43	41			7	9	23			12	171			7	22							14	1	3	2	8			21	24			1	36	10	3			16	9			36	19	31	1	9	67	1	16	15	37	96	13	3	265	6	122	279			1	58	6			1	25	65	6			15	31	2	20			12	4	40	28	1	21	145	5	6			2	4	28			4	1							137	9	32	5	68	3	1	177			1	59	3			1	31	2	2
1525167600	2			39	3	18	17	19	39			18	12			38	48	42			6	14	32	1	20	155			5	14							4	4	3	1	8	1	20	14			3	30	19	2	1	10	6			50	17	25			7	64	3	21	21	34	101	10	2	242	11	125	304			1	50	4			1	31	68	11			8	36	1	19			10	8	52	28			21	163	7	4			3	5	39			2									139	4	28	5	66					183			2	72	6	1	7	28	5	1
1525167900					29	3	20	18	15	41			29	10			21	56	53			5	4	20			20	141	1	3	12							18	2	5	4	13			29	12			2	27	15	5			12	1			54	14	25			4	67	3	19	22	30	89	8	4	254	15	147	258					38	7			2	22	64	7			14	31	1	15			10	10	43	35	1	17	126	10	2			2	9	42													116	12	20	4	66	3			195			4	57	4			2	19	5	4
1525168200	1			28	1	24	20	11	48			29	16			34	45	57			8	9	29			15	139			6	13							16	6	8	1	6			38	13			6	41	17	7			14	5			39	24	35			8	62	2	17	27	29	98	9	7	260	14	165	248			1	39	11					34	64	10			14	24			24			7	11	61	31	7	17	109	15	7	1	5	4	32			1	1							116	6	24	1	91	1	1	204			2	74	2			6	20	4	3
1525168500					21	4	29	24	23	41			36	14	1	48	51	48			8	9	37			12	160			9	21							19	2	4	1	12			31	26			2	44	13	8			21	9			47	19	33			8	55			14	30	28	113	26	4	260	13	146	263					47	7			1	31	67	13			16	32	1	14			10	10	48	21	4	10	128	7	6	1	2	2	40					2	1					120	10	26	3	85	1			208			3	68	5			2	16	1		
1525168800	1			43	3	33	25	11	40			38	13			34	37	30	1	5	4	30			20	145			3	15							9	1	8	3	12	1	29	13	1			33	8	2			23	2			45	26	43			8	58	2	19	31	37	102	28	6	271	9	155	273			1	33	8			2	27	66	17			21	27	1	16			8	12	45	24			4	133	9	4	1			6	32					2			1			140	16	30	5	64	1			219			3	73	6	1	4	22	1	2
1525169100	1			35	3	25	22	31	47			27	11			33	39	36			2	5	29			20	145			2	19							16	2	1	2	15			29	12			3	34	12	4	1	19	3			49	13	23			13	68			21	29	38	96	13	5	245	19	148	278			1	50	5			1	32	75	13			19	25			11			12	8	49	23			6	134	8	3			2	4	40													147	9	19	5	68	2	1	209			1	89	2			8	20	1	1
1525169400	1			24	2	18	15	25	47			29	10	1	37	36	41			7	6	27			11	182	1	6	21					1	13	1	7	4	14			22	19			2	25	15	8			15	7			48	14	31			4	90	3	24	28	30	112	13	4	269	17	145	276					70	5			1	39	71	11	1	23	26			12			15	13	51	24	1	5	140	12	7			2	6	35					2							139	10	36	5	78	2			206			3	71	4			6	13	4	1
1525169700	2			29	1	17	19	27	55			20	12			28	44	47			8	7	35			9	179	1	6	8							9	2	7	2	12			28	14			2	28	20	8			7	8			50	11	29			4	80	2	24	34	40	84	9	5	297	15	115	281			1	56	8			2	44	93	15	1	16	32	1	13			18	8	36	27	3	2	150	11	7			3	3	28					1							135	4	34	2	79	3	2	230			1	57	5			5	24	1	1
1525170000	1			25	5	17	10	26	50			32	13			38	45	47	1	6	7	36			11	185	1	4	18							14	3	4	1	8			25	14			4	37	21	3			16	6			45	18	40			10	77	1	15	24	26	98	14	3	276	17	118	309					48	7			4	40	80	13	1	16	33	2	16			12	3	51	23			1	137	8	4			5	3	35			1	1							148	5	33	4	72	1	1	243			2	67	5			1	13	8	4
1525170300	2			30	3	19	14	30	53			20	15			39	48	43	1	9	10	39			15	182			8	9			1	1	13	5	3	2	9			20	17			3	37	26	2			22	7			68	15	27			8	60	4	23	24	45	92	14			300	21	141	308					50	10	1	1	39	79	13			21	43			11			18	11	50	26	2	3	153	6	6			3	5	47			3	2							146	10	37	3	74	3	1	259			2	73	4			8	15	6	3
1525170600	3			29	5	17	13	23	44			28	17	1	43	47	43			7	8	20			15	194			5	19							15	8	5	1	18			18	17			8	33	20	3	1	17	7			61	12	27			2	69	2	24	33	44	108	13	4	283	14	117	304			1	51	12			1	34	71	16	1	20	34	2	11			16	6	56	24			2	145	5	6			7	4	44			2	2							163	12	38	6	58	1			238			1	65	6			2	22	4	4
1525170900	1			29	2	24	18	19	34			31	17			37	47	46			8	7	43			14	185			7	14							17	4	10	2	12			31	16			3	34	20	7			13	5			57	24	40					71	1	21	36	37	107	15	5	314	14	147	264			2	56	12			2	41	73	22			23	42	2	9			16	11	53	26	2	2	129	11	4			3	4	45													175	7	37	1	76	2	2	250			2	71	8			7	37	4	6
1525171200	1			33	5	12	17	24	45			32	16			35	63	61			8	5	29			21	146			6	13	1					11	1	6	2	12			33	15			1	28	25	4			12	6			62	23	38			6	86	1	22	24	37	81	16	4	321	28	117	220					35	4			9	41	60	11			20	38			15			19	6	42	38	1	2	129	10	6			1	7	46					2							174	7	37	4	95	3			281			2	60	4			4	31	7	4
1525171500					25	2	19	15	33	42			29	11			41	47	50			7	8	27	1	19	153			7	15	1					15	2	3	1	13			21	21			1	49	14	3	1	22	8	1	57	18	26			10	66			30	19	32	93	19	3	282	19	105	197					35	9	1	4	32	77	11			16	35	1	10			21	6	43	27	1	2	120	3	5			1	1	44											1	131	7	25	2	81	3			282			1	46	4			3	22	2	2
1525171800					39	3	26	16	16	33			39	13			33	42	44			10	7	32			19	151	1	7	19							10	3	2	1	20	1	29	12			3	40	16	5			16	3			58	17	35			7	67	1	31	25	31	112	18	2	263	20	116	208			1	46	6			4	31	63	12			15	34	1	20			17	6	48	17	1	4	129	10	9			3	4	33					1							121	18	30	4	71	4			264					59	3	1	9	22	3	1
1525172100					22	5	26	18	18	28			33	13			25	57	46	2	3	3	22	1	9	142			2	9							6	5			2	9	1	21	14			5	28	10	3			10	4			49	24	37	1	2	58	2	23	26	23	88	22			272	13	108	185			2	32	13			4	41	53	10			9	33	1	13			13	7	32	31	1	1	129	2	4			3	5	36			1					2			104	9	29	6	72	1	1	250					67	9	1	3	21	4	2
1525172400	1			28	1	14	17	20	38			25	14			24	36	31	1	4	3	25			13	118			2	11							6	2	5	2	12			18	17					25	15	5			15	2			44	8	19			2	63	2	19	33	29	69	15	2	254	13	86	149					34	12			4	34	39	11			8	20	1	9			12	12	32	20	3	1	107	6	3					6	27													82	10	22	3	52	1			204	1	1	43	5			3	19	3	1
1525172700	2			24	3	11	12	14	32			19	16			32	25	22			5	8	20			10	119			6	15							3	4	5			10			17	14			4	27	23	4			11	3			35	14	22			6	48	1	20	29	30	78	14	3	241	19	92	160					53	12			4	29	41	15			3	18			6			16	9	31	12			2	84	9	3	1	2	6	22			1	1							78	9	38	2	44	1			183	2	3	46	5			6	18	7	3
1525173000					26			15	12	13	29			24	12			33	26	21			7	12	23			7	137			7	13							5	3	6			8			15	15			2	35	13	2			12	6			35	12	25			8	59	1	14	20	26	86	9	2	231	8	79	165					31	11			3	32	48	6			12	26			9			9	7	37	14					103	6	6			3	2	27					1							65	4	26	6	47	1			149			1	44	3			4	12	1		
1525173300					25	1	20	19	17	32			25	8			33	35	32	1	5	7	34			11	128			4	14							6	5	5	1	11			23	19			4	31	21	1			16	8			39	7	17			6	72	1	19	21	31	82	17	2	215	15	78	148					41	8			1	37	43	12			12	21			11			14	8	30	17	2			103	9	5			5	3	28			1									49	6	21	4	55					133			1	50	3			4	17	6	2
1525173600					22	2	14	14	21	19			20	10			33	27	32			13	8	26			13	121	1	10	11							7	1			2	8	1	29	13			1	35	9	4	1	16	10			33	12	23			5	55			20	23	26	92	12	3	194	14	82	167					34	8			3	28	45	11	1	4	25	1	7			10	5	35	17	2	2	92	10	12			2	4	23					1							45	6	27	2	58	1			130			1	44	9	1	3	14	2	1
1525173900	1			12			9	12	23	28	1	20	8			37	33	33			9	8	28			10	106	1	6	20			1			9	2	5	1	13			24	9			2	37	12	4			19	6			46	19	26			9	56	1	20	26	21	84	12	2	194	13	66	157			1	38	6			5	26	41	14			10	25	1	12			13	8	37	21	1	1	82	7	7			1	3	34													49	5	28	4	57			2	111			1	36	4			6	14	1	2
1525174200	1			18			12	7	24	28			26	12			22	35	37			9	3	36			8	99			10	15							7			3	1	8			21	10					27	17	3			15	8			49	19	31			5	44	1	16	24	29	86	15	1	198	16	69	151			2	47	9			2	30	45	10			9	27	2	14			8	9	35	22			3	91	9	6					3	35					1							55	11	29	2	62			3	79	2			37	2			4	19	5	1
1525174500	1			21	2	13	16	20	20			32	11			31	34	30			8	5	27			12	106			6	13							14	2	5	2	11	1	26	9			2	30	14	4			8	2			42	12	31			4	37	1	20	24	20	70	17	8	186	16	71	135			2	34	8					30	38	11			11	23	1	10			16	12	24	23	1	1	74	5	5			2	4	25			1									50	8	29	2	42					86					32	2			7	18	3	1
1525174800	1			19	2	17	12	9	26			34	15			33	30	31			6	10	15			11	103			6	18							7	3	3	1	10			20	8			2	36	14	4			19	2			35	8	22			4	54	1	19	22	19	82	19	6	169	7	62	132			1	22	11			1	33	39	10			11	19			13			14	6	30	20			1	79	6	5			2	4	21													42	7	24	3	39			1	71			1	36	5			2	15	3	1
1525175100	1			21	3	13	7	21	27			34	10	1	27	40	28	1			5	20			7	100			1	13							3	4	3	2	16			17	9			2	40	21	9			18	3	1	48	18	32			5	62	1	21	29	24	81	17	5	145	15	70	123					38	9			1	26	41	12			6	16	1	15			11	7	28	21	2	2	68	8	1			2	5	30			2	4							34	13	41	3	54	1			74					33	2			3	13	8	1
1525175400	1			17	2	21	8	20	24			36	15	1	28	37	31	1	5	6	21			4	107	1	5	13							5	1	8	1	12	1	16	9					33	17	6			13	4			47	24	39			8	52	2	27	30	24	83	12	7	154	13	69	117			1	30	9			4	29	36	11			8	31			17			18	12	29	20	1			77	10	4			1	4	29													37	10	34	3	65					76			1	40	4	1	6	12	5	3
1525175700	3			17	4	22	12	15	18			24	16	1	25	40	34	1	4	6	23	1	6	99			2	13							6	1	3	4	14			18	7			1	27	22	8	1	11	4			52	10	22					41	1	20	28	23	98	14	5	155	20	69	110					18	7					29	39	12			6	36			12			17	10	38	20					77	11	3	1	2	4	33			1	2							34	12	20	6	54	1			53					32	4			5	5	3	2
1525176000	3			13	2	20	10	16	19			23	12			33	35	24	1	4	7	19			11	87	1	4	10							3	4	5	2	21			15	9			3	37	18	7			27	5			50	9	16			1	39	3	25	27	17	89	8	3	151	16	70	102			1	30	9			1	29	33	14			3	30	1	11			14	9	31	18	2			73	8	4			3	6	31													29	9	16	7	46			2	50					33	3			4	7	3	1
1525176300	2			18	2	18	7	15	24			34	19	1	38	44	35			2	11	24			10	96			2	17							3	5	1	2	18			19	14			3	33	12	7			9	9			44	14	26			5	41			25	26	22	77	9	4	153	14	72	109					32	6			1	33	48	13			5	25	1	15			13	5	38	21			2	77	12	2			4	4	32													26	12	26	1	55	2	3	58			1	28	3			4	7	4	2
1525176600	2			17	2	23	12	11	19			27	10	1	37	45	37			5	5	12			7	107	1	6	17							7	3	3	3	8			24	13			2	30	23	3			18	8			52	18	26			6	54	1	25	33	22	90	16	7	172	12	77	132					30	3			1	33	41	18			10	26	1	16			18	5	37	26	5			86	14	5			3	2	35													38	6	32	3	57	1	1	64			1	47	7			4	4	3	2
1525176900	2			25	2	14	9	12	27			18	10			31	37	32	1	4	8	30	1	14	109	1	3	13							6	4	3			9			18	5			4	42	18	4	1	15	2			50	18	24			7	59	2	19	32	28	86	7	2	148	13	84	136					39	6			3	38	35	14			8	30			13			10	5	42	24	1			87	13	3			2	3	33													35	7	36	3	52	1			56			1	46	2			6	10	4	4
1525177200					17	3	14	13	13	18			27	12			32	32	28			3	8	37			7	99	1	3	13					1	11	1	8	1	13			21	11			1	42	12	9			10	6			55	20	29			5	38	2	27	36	24	70	11	5	158	26	87	120					30	4			5	36	47	13			9	25			10			24	11	31	18			1	83	16	4					3	31					1			2			38	11	27	3	54					76					51	3			2	14	3	3
1525177500					20	8	19	6	17	33			30	15			35	37	24			7	6	23	1	10	101			7	16			1	1	8	3	4	3	15			20	10			3	31	7	5	1	14	10	1	50	9	21	1	4	46	1	25	31	25	77	15			175	13	88	136					26	8			2	29	51	13			9	24	1	12			18	9	38	19	1			85	9	5			4	4	31			2	2							45	14	17	4	46					74					46	4			5	5	2	2
1525177800					16	3	25	11	13	30			29	7			27	38	30	1	4	4	15	2	5	108			4	15					1	9	1	6	1	11			24	12			1	29	11	4			16	4	2	43	14	20			2	42	1	21	33	22	84	13	5	171	7	76	126					27	7			3	25	44	14			9	25			10			14	8	35	19	2			94	9	3			1	2	32					1							37	9	25	4	53	1	1	52			1	42	4			3	6	1	2
1525178100	2			22	2	26	8	13	29			22	10			38	38	31			5	12	26			7	119			3	13							7	4	5	1	15			13	12			3	42	15	3			23	3			52	18	18			3	47			23	26	29	85	16	2	167	11	85	145			1	33	8			1	26	44	15			9	15			4	1	18	7	33	19	2			95	8	3			3	2	45			1									28	8	29	5	54	2	2	47					43	4			3	3	4	3
1525178400	4			19	1	29	11	17	21			20	8			39	28	25	1	5	7	27			6	126			5	20							5	3	4			8	1	20	9			3	38	15	4			20	2			49	17	22			6	46			19	20	29	117	7	2	156	14	67	152			1	44	6			5	33	29	5			6	32			19			21	6	43	20			1	83	8	4			3	3	27			1	1							23	6	32	5	47					53			1	33	4	1	2	4	2	2
1525178700	3			22			35	11	11	27			33	9			31	36	31			8	7	31			10	120			4	16					1	9	9	4	3	13	1	20	7			8	30	19	8			23	7			43	16	32			8	48	2	26	26	30	108	13	4	153	13	75	140			1	41	2			3	36	39	12			9	27			20			19	6	49	24	1			76	9	6			8	8	30													33	7	32	11	50	1	2	43			1	39	5			4	9	5	4
1525179000	1			22	1	19	17	9	29			32	8			29	38	33			3	9	19			8	111			4	13					1	5	2	7	2	16			21	9			3	42	19	5			26	7			43	15	29			15	49	1	31	31	26	111	12	8	168	11	81	127					35	5			2	37	42	11			5	15			19			14	8	32	22			1	82	10	1			2	3	28			1	2							22	12	29	3	47					55			3	42	6			3	7	3	1
1525179300	1			13	3	25	12	13	26	1	29	7			31	36	29			3	5	18			7	92			4	19							4			1	4	13	1	16	15					35	15	4			29	5			58	18	30			7	51	2	34	30	21	91	11	7	162	10	77	130			1	28	7			3	42	45	13			9	24			12			23	6	32	19	1			80	9	3					7	38									1			22	9	30	6	54			1	43			3	55	5	1	2	4	2	2
1525179600	1			18	2	18	9	7	35			27	13			48	37	36					10	17			10	101			1	14							5	4	4	5	11			18	13			4	31	15	5			14	6			46	14	29			2	71	3	23	26	20	78	15	5	160	10	76	118			1	29	8			5	33	50	8			4	23	2	14			15	9	29	24	1			73	10					3	7	27					2							22	6	32	3	50	1	2	41	1	1	41					3	6	3	3
1525179900	1			15	2	20	10	26	36			27	12	1	49	39	36			6	10	20			4	101			4	19	1					4	4	6	6	8			20	11			3	27	20	9			14	7			43	20	35	1	8	63	4	22	27	23	67	15	1	167	19	83	120					25	7			2	36	61	11			5	20			12			15	5	38	26	3	1	77	8	5			5	7	31			1	1			1			25	7	42	4	64					54	1	1	46	4			2	6	3		
1525180200	1			21			22	7	20	29			29	11	1	33	53	51			3	13	17			8	114	1	3	9							6			4	6	12			19	9			1	52	14	5			24	9			51	32	34	1	7	59	6	28	25	32	103	10	5	144	12	76	136					33	4					29	50	12			7	29	1	11			15	10	37	37					83	9	1			3	12	32													26	10	42	3	72					55	1	3	38	3			6	5	5	1
1525180500	1			20	1	22	9	10	28			37	9	1	34	48	42	1	6	4	24			6	95	1	6	25							7	7	6	4	10			17	13			5	41	17	8			15	9			52	15	29			8	59	2	22	27	22	78	14	2	137	15	73	124					38	8			1	28	47	12			10	30	1	16			15	8	35	26			4	72	12	6			5	5	30			2									32	9	37	2	54	3	1	60					40	4	1	5	3	4	4
1525180800					16	1	15	9	13	28			23	9			43	31	29			7	13	24			5	83			6	22							6	4	3	2	9	1	16	11			4	49	17	3			24	7			34	15	28			8	54	1	18	26	26	92	11	5	149	15	85	121			1	31	4			4	28	57	15			9	34	1	10			11	5	53	20	1	1	85	10	5			5	5	21													33	7	28	4	52	2			65	1	1	43	3	1	5	10	5	7
1525181100	3			22	6	21	7	23	32			24	13			33	42	32			5	2	22			10	109			5	15							7	3	1	1	13			18	16			3	33	22	4			8	5	1	41	16	19			5	42	1	28	25	26	88	9	4	154	9	77	140					44	5			3	33	43	14			11	24	1	11			15	4	44	21	3	1	94	5	3			2	2	28					1							44	5	29	2	55	2			62			2	31	6			4	8	6		
1525181400					13	3	16	8	19	24			21	18	2	29	29	29			2	5	26			7	111	2	2	13							6	2	7	2	9			23	18			2	33	17	6			24	3			33	18	21			5	52	1	14	28	27	99	10	1	142	14	53	124					40	9			3	31	36	12			9	22			7			9	13	45	15	3			88	12	1			2	2	21					1							42	7	22	4	51	3			61			2	33	4			4	10	2	3
1525181700	1			16	2	16	8	15	42			25	10	1	39	23	22			6	10	22			8	118	1	5	16					1	2	2	2	2	5			11	13			3	30	15	4			12	3			29	11	21			5	74			14	20	28	96	13	3	159	15	69	135					40	5			2	35	46	8			6	24	1	11			10	5	39	14	1	1	88	7	6			2	2	24													31	5	20	2	40	2			56			1	32	3			2	7	5	4
1525182000	3			14	1	19	3	10	31			25	9			38	30	25			3	12	17			9	97			4	12							3	3	5	2	9	1	13	10			3	33	13	6	1	22	5			42	18	33			6	50	1	29	27	14	85	14			139	10	60	112			1	32	5			4	28	43	13			5	23	1	9			19	7	36	20			1	80	7	2			2	3	25			1	1			1			24	6	24	4	42	1	1	47					56	6					8	4		
1525182300	1			20	3	19	4	5	29			27	10			30	33	26			4	4	10	1	13	80	1	4	15							4	2	2	6	11			9	11			2	22	14	3			16	3			38	19	21	1	7	54	1	19	20	25	83	19	2	130	4	62	102			1	27	5			3	26	34	7			6	26	1	9			11	5	34	15	2			56	5	3			2	6	22			1	1							25	7	27	4	45			2	57	1	1	34	3					5	1	2
1525182600	3			12	3	18	8	11	34			26	12			26	25	22			6	7	20			5	85	1	6	13							5	2	5	3	11			11	11			3	34	16	5			17	5			37	10	18			5	54	2	19	23	19	75	15	2	119	12	63	94	1			24	10			2	36	46	9			6	18			12	1	13	10	34	18			1	69	6	4			5	4	22													23	6	24	3	35					55	1	1	37	2			3	4	3	2
1525182900	1			16	5	26	6	18	26	1	26	12			34	23	16			3	7	20			10	107			1	13							4	3	7	4	11			6	8			2	26	10	4			14	1			34	14	21			3	61	2	22	29	23	88	12	2	131	12	66	116					36	5			2	24	44	16			3	24			12			11	10	44	11			1	78	9	3			2	2	22			1									22	7	21	1	36					50	1	1	42	8			1	11	3	4
1525183200	2			20	3	14	6	7	27			23	11			19	23	16			4	4	19			11	94			4	6							3	1	4			12			14	11			1	33	8	4			19	3			36	13	23			7	57			18	28	21	63	10	4	134	8	64	103					27	3			5	26	46	12			2	22			13			10	7	26	10					73	9	4			2			27					1							28	6	23	3	38	2			50					34	6			4	6	1	3
1525183500					10	3	12	5	10	29			19	11			28	33	27			3	10	16			4	101			4	9							1	1	6			7			11	5			1	28	5	8			10	3			43	16	23			3	54			21	17	18	67	10	2	126	6	76	123					31	8			5	27	44	10					17			9			17	10	33	25			3	73	7	2			1	2	30					2							26	5	19	2	44	1			59					38	4			6	11	1	2
1525183800	1			14	4	20	3	13	25			25	10			28	40	34	1	3	12	26			6	82			4	8							4	2	1	1	10			12	6			2	38	8	7	1	18	4			53	21	27			9	52	2	16	27	19	86	15	3	123	10	80	99			1	32	9			3	28	40	10			4	23			15			16	9	33	23					71	9	3					3	32					3							20	7	25	2	56	1			55					42	6			3	5			4
1525184100					10	1	16	14	12	21			28	6			24	37	27			3	6	22			6	111			3	13							6	1	6	1	12			19	4			1	21	9	5			9	3			42	17	19			4	40	1	23	31	16	67	19	8	129	11	61	116			1	34	7			1	36	29	11			3	20	2	5			12	13	30	17			1	77	8	1			1	3	25			1									15	12	28	2	39			2	44					34	3			6	5	3	2
1525184400					11	1	18	4	11	28			20	12			24	33	29			2	9	10			8	76			2	11							2	4	3	2	15			13	9			4	24	9	4			11	1			36	15	20			2	53			18	15	17	62	17	6	112	8	61	75			1	23	7			2	29	31	7			3	27	1	9			10	5	29	15			2	61	8	1			4	1	28					2							24	8	20	2	42	1	1	44					30	3			4	11	3	3
1525184700					5	4	15	6	9	34			30	13			23	27	18	1	1	3	14			2	87	1	1	10							4			1	3	13			9	7					14	8	1			7	1			28	11	21			3	59	1	16	8	11	62	13	1	98	5	49	105			1	24	7			1	32	39	4			3	18	1	12			15	2	28	13			1	79	7							2	17			2									19	13	17	2	32	1	1	39			1	30	1					1	1	2
1525185000					11	1	16	8	4	29			18	12			22	29	24			5	5	12			3	71			3	12							4	2	1	2	11			12	3			2	22	8	3			12	2			30	11	20			4	49			16	18	17	63	8	1	96	5	42	71					23	9			5	28	34	9			3	19	1	7			15	5	26	16	1	2	57	6	4			2	2	15			1	1			1			15	5	18	3	29					36					25	3			6	1			2
1525185300					17	3	10	3	8	29			14	14	1	27	21	17			2	7	8			7	54			1	11							8	4	3	1	2			14	4			5	25	15	6			10	1			29	12	21			4	46			13	20	16	47	10	3	102	4	53	70	1			20	9					19	41	6			3	20	1	6	1	14	6	28	15			1	52	3	1			4	2	16													19	4	20	1	26					31	1	1	38	4			4	4	5	1
1525185600					10	1	6	2	12	15			15	17			25	18	13			2	11	12			1	66			1	9							4	2	3	2	7			9	5			2	19	13	3	1	2	2			33	9	11			1	35	1	16	21	17	46	10	1	95	9	50	74					20	8					30	27	4			7	13			1			14	4	26	8					51	3	2			2	4	20													25	5	13	2	25					32			1	36	1			1	9	2	1
1525185900					14	2	9	6	13	19			16	18			17	25	20			1	4	11			4	60			1	8							3			2			6	2	14	2					18	9	1			10	2			36	8	17			2	30			20	23	19	46	12	1	98	7	46	76			1	19	11					26	22	10			5	17			4			17	1	26	17			1	46	4	1					1	23													24	6	20	1	25	1			34	1	2	33	8	1	2	7			3
1525186200					10	1	13	3	10	22			18	12			19	23	17			4	2	17			2	64			3	7							3			3	2	9			9	2					19	7	3	1	9	2			31	10	14			2	43			11	20	13	45	7	1	114	7	48	86					25	13	1	2	30	29	10			1	16			6	1	11	2	25	12					52	4	4					2	24			1	1							21	6	13			25					28	1	1	32	4			1	6			1
1525186500	1			13	2	9	7	5	24			16	8			17	23	15					5	13			2	47					8							3			3			5			9	2			1	14	9	4			7					29	10	15			2	32			12	17	14	50	15	5	102	10	53	66			1	19	4			2	27	33	9					20	1	6			10	5	21	13					49	6					1			16													22	3	14			24			2	38			2	24	3			2	9	2	1
1525186800	1			10	2	9	8	8	17			21	10			23	34	22					6	10			4	53	1			7							1	3	1			12			13	4			4	19	6	3			4	1			31	13	19			3	30	1	21	17	14	33	6	6	91	6	38	65					17	7			1	22	21	6					9			2			15	6	13	18					44	9					2	1	22													25	9	19	1	30	1	1	35					30	2			2	4	1	3
1525187100					11	3	11	4	6	24			17	11			19	25	14			1	8	15			7	42	1	1	2							2	2	2			8			11	3			1	22	7	2			13	1			29	7	10			1	29			19	14	15	42	10	5	77	5	41	57					13	8			1	23	29	6					14			1			12	6	23	10	2			33	6	1			1	1	18			2									27	10	9	1	24	1			43			3	22	1			4	6	1	2
1525187400					16	3	10	4	6	17			14	9			21	21	16			1	1	9			6	60					8									2	1			6			9	4			2	11	6	3			8					27	5	9			1	33			13	15	18	55	6	2	85	5	47	72					20	9					30	27	6			1	17	2	5			14	3	25	7					41	5	1			2	1	18													25	5	6			22	2			41	1	1	27	3			1	4	3		
1525187700					12			13	2	8	14			11	13			17	20	12					5	14			5	51	1			6											3			6			7	5			1	16	8	2			7					25	4	6			2	30			17	20	20	37	4	2	92	8	43	64					11	8			1	24	27	8					17			8			16	5	20	4	1			44	8					1			13													30	3	9	1	17					38					25	1			4	2	2	1
1525188000	1			11			8	6	3	25			6	13	1	20	15	13					2	10			3	51	1			10	1					3	1	1	1	6			9	3			1	11	10	2			5	1			17	7	5	1	1	45	2	9	13	18	36	2	4	95	10	37	49					11	11			1	24	35	3			3	14			4			7	3	16	12					37	8					1	2	11													38	3	9			18	1			55					17					1	7	2	1
1525188300					15	3	11	5	7	24			14	21			22	17	9	1	1	9	8			8	61			2	9							2	2	2			8			11	6			1	21	8	5			7	3			18	7	12			1	46			10	17	19	48	8			93	7	44	69					17	9					21	31	6			1	20	1	7	1	8	3	26	6	3			46	6	1			1			15													51	6	13	2	20					68			1	22	4			2	3	1	2
1525188600					12	2	12	5	6	27			13	14			18	28	23			5	4	15			10	71			4	3			1			3			1			8			6	7			1	19	12	1			11	4			25	8	12			2	46			14	14	17	55	7	1	106	8	54	88					19	13			1	18	33	8			4	12			4			10	3	30	12					52	4	4			2			16													49	4	15	2	28					57			2	22	3			4	10	1	1
1525188900					12			6	5	6	17			12	12			20	19	17			4	9	13			3	65			1	6							3	2	1			3			8	2			1	20	9	1	1	3	3			22	13	14			2	26			8	11	18	37	8	3	112	6	53	86					20	11			1	26	23	2			4	12			1			7	4	30	7	2			51	4	2			1			16													52	1	17	1	27	2			63			1	17	2			1	19	1	1
1525189200					15	2	8	4	7	19			15	13			18	17	17			5	6	9			7	59	1	4	3							4	1	2	2	3			8	9			1	21	8					5	2			15	5	14			5	25	2	7	10	22	44	8	2	106	3	45	83					22	7					20	26	4			4	12	1	12			7	2	25	11			1	48	4	3			1	3	11					1					1	43	3	14	1	25	1			84					22	1			2	10	3	2
1525189500					16	2	7	4	4	28			12	14			10	21	16			1	4	9			5	58			2	5					1	4			3			6			12	11			1	18	8	6			3	5			17	7	12			1	50	1	10	22	22	35	6	3	119	6	58	69					19	8			1	16	31	8			3	14	1	6			8	3	18	11			4	47	3	1					1	13													24	4	17	1	26	1			91			1	14	5			3	9			1
1525189800	1			13	2	9	2	5	28			9	9			16	16	10			4	6	9			3	59			4	6							3	3	1			7			6	8			3	16	12	2			10	4			24	10	13			6	31	1	14	16	18	50	4			118	7	54	62					10	3			2	16	35	4			2	12			6			8	2	21	5	1	5	50	1	3			2	1	19													22	4	12	2	25					99			1	18	4			2	5	3	2
1525190100	1			8	1	10	3	4	18			10	4			15	17	18			1	2	13			4	56			1	4							1	3	2			3			5	6			3	13	10	1			6	3			26	5	9					35			14	14	7	44	8	1	123	8	56	65					16	1			2	10	19	7			2	17			4			12	1	26	9			7	46	5					3			20													16	4	14	1	27					95					17	3			3	5	4	5